column,meaning,provenance,status,source_file_in_repository,source_column
design_id,"unique identifier; encodes campaign, modality, binder length, backbone hash and ProteinMPNN sequence index",BindCraft 2.0,measured,out/master_rank.csv,design_id
rank_submitted,"position in the submitted CSV, 1 is highest; empty when the design is not submitted",this pipeline,measured,,
submitted,whether this design appears in the submitted CSV,this pipeline,measured,,
backbone_id,BindCraft trajectory hash. Two designs sharing it share a backbone and are NOT independent poses,BindCraft 2.0,measured,out/master_rank.csv,squelette
mpnn_index,ProteinMPNN sequence index on that backbone (seq0 or seq1). With kept_sequences=2 two sequences are kept per backbone; neither is derived from the other,BindCraft 2.0,measured,out/master_rank.csv,index_mpnn
campaign,generation campaign,BindCraft 2.0,measured,out/master_rank.csv,run
sequence,binder amino-acid sequence; the literal value 'withheld' for designs that are not submitted,BindCraft 2.0,measured,out/master_rank.csv,sequence
length_aa,number of binder residues,derived,measured,out/master_rank.csv,longueur
net_charge,net binder charge,BindCraft 2.0,measured,out/master_rank.csv,charge_nette
free_cysteines,"number of cysteines; zero across the whole set, which matters because expression is cell-free and free cysteines are an expression liability",BindCraft 2.0,measured,out/master_rank.csv,cysteines
design_model_iptm,"AlphaFold2 interface pTM on scale [0,1]. IN-SAMPLE: BindCraft optimises designs by gradient descent through AlphaFold2, so this is a training score, not a test score",BindCraft 2.0 / AlphaFold2,measured,out/master_rank.csv,i_pTM_AF2
design_model_ipae,"AlphaFold2 interface predicted aligned error on scale [0,1], lower is better. Also in-sample",BindCraft 2.0 / AlphaFold2,measured,out/master_rank.csv,i_pAE_AF2
interface_buried_area_A2,"buried surface area at the interface, square angstroms",BindCraft 2.0,measured,out/master_rank.csv,Interface_BuriedArea
hotspot_contact_fraction,"fraction of contacts touching the requested hotspots A318, A323, A406, A409",BindCraft 2.0,measured,out/master_rank.csv,Hotspot_Contact_Fraction
off_epitope_contact_fraction,fraction of contacts outside the intended epitope,BindCraft 2.0,measured,out/master_rank.csv,Off_Epitope
folding_model_iptm,"Boltz-2 interface pTM, mean over three diffusion samples. Boltz-2 never took part in generating these designs",Boltz-2 2.2.0,measured,out/master_rank.csv,confiance_modele_orthogonal
contact_recovery_vs_design,"fraction of residue-residue contact pairs of the design model that are recovered in the folding model, best of three samples. Contact means any heavy-atom pair within 5.0 angstroms. Asymmetric on purpose: the question is whether the design pose is recovered, not whether the two poses are identical",Boltz-2 + geometry,measured,out/master_rank.csv,recuperation_contacts
contact_recovery_min,the same quantity on the worst of the three samples,Boltz-2 + geometry,measured,out/boltz_contacts.csv,recuperation_min
pose_verdict,"whether contact recovery and folding-model iptm both clear their thresholds. These thresholds separate nothing on this set: all 23 candidates clear them, so this column carries no ranking information",derived,"posed, not calibrated",out/master_rank.csv,pose
ipsae_symmetrised,"interface predicted aligned error score, mean over samples, computed by the reference implementation of its authors at PAE cutoff 10 and distance cutoff 15 angstroms. Unlike iptm it is renormalised on interface residues, so a small binder against a large target is not diluted",DunbrackLab/IPSAE on Boltz-2 output,measured,out/ipsae.csv,ipSAE_moyen
ipsae_target_to_binder,"the same score in the target-to-binder direction, which is the more demanding of the two for a small binder. Reported alongside the symmetrised value so the choice of the maximum is visible rather than implicit",DunbrackLab/IPSAE on Boltz-2 output,measured,out/ipsae.csv,ipSAE_A_vers_B_moyen
lis,"local interaction score, mean over samples",DunbrackLab/IPSAE on Boltz-2 output,measured,out/ipsae.csv,LIS_moyen
ipsae_columns_discarded,"columns the reference implementation computes but which are not usable from a Boltz-2 input, with the reason for each. ipTM_af reads 0.000 because the tool expects an AlphaFold2 or AlphaFold3 JSON; pDockQ and pDockQ2 are constant across all designs because the Boltz branch does not supply what they need; n0res is the d0 normalisation count, equal to the aligned chain length, and is not a count of interface residues. Verified by reading the raw output rather than assumed",this pipeline,measured,out/ipsae.csv,colonnes_ecartees
mpnn_sequence_recovery,"fraction of positions at which ProteinMPNN, resampling the binder on its own design backbone with the target held fixed, reproduces the submitted residue; mean over 8 samples at temperature 0.1. PARTLY CIRCULAR, because BindCraft itself uses ProteinMPNN to generate sequences. It is not fully circular: BindCraft selects sequences after refolding on AlphaFold2 filters rather than on the ProteinMPNN optimum, which is why recovery sits near 0.6 instead of near 1.0",ProteinMPNN v_48_020,measured,out/self_consistency.csv,recuperation_moyenne
mpnn_sequence_recovery_min,the same quantity on the worst of the samples,ProteinMPNN v_48_020,measured,out/self_consistency.csv,recuperation_min
ph_mechanism_tier,"one of four tiers: robust mechanism, non-reproducible mechanism, neutral, counter-selective. A mechanism counts as robust only when the pKa shift is positive on all three independent measurements",derived from three pKa computations,measured,out/master_rank.csv,palier_pH
ph_mechanism_measurements_positive,how many of the available pKa-shift measurements are positive,derived,measured,out/master_rank.csv,mesures_pH_positives
dpka_h409_design_model,"shift of the pKa of target histidine H409 between bound and unbound target, computed on the AlphaFold2 design model. Positive means binding stabilises the protonated form, so binding is favoured at acidic pH. Negative means the opposite of the objective",PROPKA 3 on design model,measured,out/master_rank.csv,dpKa_H409
dpka_h409_folding_model,the same shift computed on the Boltz-2 model of the same complex. Tests whether the mechanism is a property of the sequence or of one predicted structure,PROPKA 3 on folding model,measured,out/master_rank.csv,dpKa_humain_Boltz
dpka_h409_mouse,the same shift on the complex with the mouse domain III,PROPKA 3 on folding model,measured,out/master_rank.csv,dpKa_souris_Boltz
ph_selectivity_factor,"predicted ratio of affinity at pH 6.5 over pH 7.4 arising from the H409 pKa shift alone; 1.0 means no selectivity. PROPKA is commonly wrong by about one pKa unit, so this ranks designs and is not claimed as a value",derived from the pKa shift,measured,out/master_rank.csv,facteur_pH_predit
ph_selectivity_factor_all_groups,"the same ratio taken over every ionisable group in the complex rather than H409 alone, which is the unbiased form of the proton-ligand linkage. It assumes independent sites",derived from PROPKA 3,measured,out/master_rank.csv,facteur_global_tous_groupes
salt_bridge_residue,binder acidic residue closest to an imidazole nitrogen of H409,geometry on design model,measured,out/master_rank.csv,pont_residu
salt_bridge_distance_A,"distance from that carboxylate to the nearest imidazole nitrogen, angstroms",geometry on design model,measured,out/master_rank.csv,pont_distance_A
salt_bridge_angle_deg,"angle at the accepting oxygen. An sp2 carboxylate points its lone pairs near 120 degrees, so values near 80 or 160 are poor geometries",geometry on design model,measured,out/master_rank.csv,pont_angle_deg
bidentate_bottleneck_A,"worst of the two distances in the best pair of TWO DISTINCT binder carboxylates, one on ND1 and one on NE2 of H409. Measured on the design model",geometry on design model,measured,out/master_rank.csv,bidente_goulot_A
bidentate_bottleneck_folding_model_A,the same quantity measured on the Boltz-2 model. The two are reported separately because the rule they support does not survive transferring geometry between predictors,geometry on folding model,measured,out/bidentate_boltz.csv,bidente_goulot_A
mouse_epitope_recovery,fraction of the human design-model contact pairs recovered when the same binder is predicted against the mouse domain III. Structural measurement of cross-reactivity,Boltz-2 + geometry,measured,out/master_rank.csv,epitope_souris_retrouve
mouse_iptm,Boltz-2 interface pTM against the mouse target,Boltz-2 2.2.0,measured,out/master_rank.csv,iptm_souris
mouse_delta_iptm,mouse iptm minus human iptm; near zero means binding confidence does not suffer from the change of species,Boltz-2 2.2.0,measured,out/master_rank.csv,delta_iptm_souris
mouse_mechanism_conserved,whether a pH mechanism seen on the human target persists on the mouse target,derived,measured,out/master_rank.csv,mecanisme_conserve_souris
mouse_epitope_identity_fraction,"SEQUENCE PROXY: fraction of contacted target residues identical in mouse. Demonstrably insufficient on this set, since it does not separate the designs that change binding mode on the mouse target",P00533 / Q01279 alignment,measured,out/master_rank.csv,epitope_conservation_frac
mouse_divergent_contacted_residues,contacted target residues that are not identical in mouse,P00533 / Q01279 alignment,measured,out/master_rank.csv,epitope_residus_divergents
liability_exposed_deamidation,"solvent-exposed deamidation motifs; NG strongest, then NS, NT, NN, NA, NH. Buried motifs are counted but not scored, because water does not reach them",motif scan weighted by side-chain SASA,measured,out/sequence_liabilities.csv,desamidation_exposee
liability_exposed_isomerisation,"solvent-exposed isomerisation motifs; DG strongest, then DS, DT, DD",motif scan weighted by side-chain SASA,measured,out/sequence_liabilities.csv,isomerisation_exposee
liability_dp_cleavage,"exposed DP motifs, acid hydrolysis. The assay runs at pH 6.5, closer to the regime where this matters than a neutral assay would be",motif scan weighted by side-chain SASA,measured,out/sequence_liabilities.csv,clivage_DP_expose
liability_exposed_oxidation,exposed methionine and tryptophan,motif scan weighted by side-chain SASA,measured,out/sequence_liabilities.csv,oxydation_exposee
liability_negative_patches,sliding windows of 5 residues with at least 4 exposed acidic residues,sequence and SASA,measured,out/sequence_liabilities.csv,plaque_negative
liability_positive_patches,the same for basic residues,sequence and SASA,measured,out/sequence_liabilities.csv,plaque_positive
liability_hydrophobic_patches,the same for exposed hydrophobic residues,sequence and SASA,measured,out/sequence_liabilities.csv,plaque_hydrophobe
liability_repeats,runs of four or more identical consecutive residues,sequence,measured,out/sequence_liabilities.csv,repetition
n_glyc_sequons_not_scored,"N-X-S/T sequons with X not proline. NOT scored as a liability here, because expression is cell-free and therefore carries no glycosylation machinery. Counted because the motif would become a liability in a eukaryotic system",sequence,"descriptive, not ranked",out/sequence_liabilities.csv,sequons_N_glyc_non_retenus
esm2_pseudo_log_likelihood,"ESM-2 pseudo log-likelihood per residue, masked marginals, esm2_t33_650M_UR50D. EXCLUDED FROM EVERY ORDERING by construction: it measures resemblance to natural proteins, while the challenge requires novelty, so ranking on it would favour the least novel designs. Read only as an outlier detector, and on this set it flags nothing",ESM-2 650M,"descriptive, not ranked",out/master_rank.csv,ESM2_PLL
