design,squelette,n_acides_binder,mono_residu,mono_distance_A,bidente_possible,bidente_ND1,bidente_ND1_A,bidente_NE2,bidente_NE2_A,bidente_goulot_A,dpKa_Boltz,source_geometrie
egfr-dIII-prod01_denovo_l55_f6d5f550a210fd48_seq0,f6d5f550a210fd48,11,,,non,,,,,,-2.56,Boltz
egfr-dIII-prod01_denovo_l64_1e7ab6d8f00c9958_seq0,1e7ab6d8f00c9958,15,,,non,,,,,,-2.3,Boltz
egfr-dIII-prod01_denovo_l94_692deac2f1034bb6_seq0,692deac2f1034bb6,26,ASP56,3.01,oui,GLU73:OE2,3.19,ASP56:OD1,3.01,3.19,2.27,Boltz
egfr-dIII-prod02_denovo_l57_9526c9216eb7d6db_seq0,9526c9216eb7d6db,16,ASP32,3.84,non,,,,,,-0.41,Boltz
egfr-dIII-prod02_denovo_l57_9526c9216eb7d6db_seq1,9526c9216eb7d6db,14,ASP32,2.32,non,,,,,,0.45,Boltz
egfr-dIII-prod02_denovo_l58_fd5dae7987a2388d_seq0,fd5dae7987a2388d,18,GLU24,3.18,non,,,,,,-0.11,Boltz
egfr-dIII-prod02_denovo_l58_fd5dae7987a2388d_seq1,fd5dae7987a2388d,19,GLU24,2.82,non,,,,,,-0.12,Boltz
egfr-dIII-prod02_denovo_l59_36dbfc4737a3e59b_seq0,36dbfc4737a3e59b,18,ASP24,4.02,oui,ASP24:OD2,4.02,ASP20:OD2,6.23,6.23,-0.41,Boltz
egfr-dIII-prod02_denovo_l59_36dbfc4737a3e59b_seq1,36dbfc4737a3e59b,19,ASP24,5.05,oui,ASP24:OD2,5.7,GLU35:OE1,6.74,6.74,-0.17,Boltz
egfr-dIII-prod02_denovo_l61_a6334a3a912c86f1_seq0,a6334a3a912c86f1,17,GLU10,7.96,non,,,,,,-3.05,Boltz
egfr-dIII-prod02_denovo_l61_a6334a3a912c86f1_seq1,a6334a3a912c86f1,16,,,non,,,,,,-2.47,Boltz
egfr-dIII-prod02_denovo_l61_cd272a8fd929c7ee_seq0,cd272a8fd929c7ee,15,,,non,,,,,,-0.39,Boltz
egfr-dIII-prod02_denovo_l61_cd272a8fd929c7ee_seq1,cd272a8fd929c7ee,18,,,non,,,,,,-0.36,Boltz
egfr-dIII-prod02_denovo_l62_a6d2f6834f22e574_seq0,a6d2f6834f22e574,14,,,non,,,,,,-3.57,Boltz
egfr-dIII-prod02_denovo_l62_a6d2f6834f22e574_seq1,a6d2f6834f22e574,14,,,non,,,,,,-3.07,Boltz
egfr-dIII-prod02_denovo_l63_987fe804e455bc58_seq0,987fe804e455bc58,16,ASP52,3.02,oui,ASP52:OD1,3.02,ASP48:OD1,4.03,4.03,1.04,Boltz
egfr-dIII-prod02_denovo_l63_987fe804e455bc58_seq1,987fe804e455bc58,15,ASP52,3.06,oui,ASP52:OD1,3.06,ASP48:OD1,3.88,3.88,0.97,Boltz
egfr-dIII-prod02_denovo_l64_4a818d7951649b77_seq0,4a818d7951649b77,17,,,non,,,,,,-2.16,Boltz
egfr-dIII-prod02_denovo_l64_4a818d7951649b77_seq1,4a818d7951649b77,15,,,non,,,,,,-2.47,Boltz
egfr-dIII-prod02_denovo_l73_5b295c4d9e1ff73f_seq0,5b295c4d9e1ff73f,18,GLU27,7.72,oui,GLU27:OE1,7.72,GLU25:OE1,7.97,7.97,-1.74,Boltz
egfr-dIII-prod02_denovo_l73_5b295c4d9e1ff73f_seq1,5b295c4d9e1ff73f,21,GLU24,7.58,non,,,,,,-2.53,Boltz
egfr-dIII-prod02_denovo_l92_5c3ec1903e03c261_seq0,5c3ec1903e03c261,26,ASP72,5.24,non,,,,,,-2.96,Boltz
egfr-dIII-prod02_denovo_l92_5c3ec1903e03c261_seq1,5c3ec1903e03c261,24,ASP72,3.8,non,,,,,,-1.82,Boltz
