design,squelette,n_acides_binder,mono_residu,mono_distance_A,bidente_possible,bidente_ND1,bidente_ND1_A,bidente_NE2,bidente_NE2_A,bidente_goulot_A,dpKa_H409,source_geometrie
egfr-dIII-prod01_denovo_l55_f6d5f550a210fd48_seq0,f6d5f550a210fd48,11,,,non,,,,,,-2.89,AF2
egfr-dIII-prod01_denovo_l64_1e7ab6d8f00c9958_seq0,1e7ab6d8f00c9958,15,,,non,,,,,,-2.25,AF2
egfr-dIII-prod01_denovo_l94_692deac2f1034bb6_seq0,692deac2f1034bb6,26,ASP56,2.52,oui,GLU73:OE1,3.35,ASP56:OD2,2.52,3.35,2.84,AF2
egfr-dIII-prod02_denovo_l57_9526c9216eb7d6db_seq0,9526c9216eb7d6db,16,ASP32,2.42,non,,,,,,0.03,AF2
egfr-dIII-prod02_denovo_l57_9526c9216eb7d6db_seq1,9526c9216eb7d6db,14,ASP32,2.46,non,,,,,,-0.23,AF2
egfr-dIII-prod02_denovo_l58_fd5dae7987a2388d_seq0,fd5dae7987a2388d,18,GLU24,3.36,non,,,,,,-0.01,AF2
egfr-dIII-prod02_denovo_l58_fd5dae7987a2388d_seq1,fd5dae7987a2388d,19,GLU24,3.31,non,,,,,,-0.07,AF2
egfr-dIII-prod02_denovo_l59_36dbfc4737a3e59b_seq0,36dbfc4737a3e59b,18,ASP24,3.22,oui,ASP24:OD1,3.22,ASP20:OD2,6.4,6.4,-1.19,AF2
egfr-dIII-prod02_denovo_l59_36dbfc4737a3e59b_seq1,36dbfc4737a3e59b,19,ASP24,3.08,oui,ASP24:OD1,3.08,ASP20:OD2,3.34,3.34,0.96,AF2
egfr-dIII-prod02_denovo_l61_a6334a3a912c86f1_seq0,a6334a3a912c86f1,17,,,non,,,,,,-2.68,AF2
egfr-dIII-prod02_denovo_l61_a6334a3a912c86f1_seq1,a6334a3a912c86f1,16,,,non,,,,,,-2.75,AF2
egfr-dIII-prod02_denovo_l61_cd272a8fd929c7ee_seq0,cd272a8fd929c7ee,15,,,non,,,,,,-0.4,AF2
egfr-dIII-prod02_denovo_l61_cd272a8fd929c7ee_seq1,cd272a8fd929c7ee,18,,,non,,,,,,-0.4,AF2
egfr-dIII-prod02_denovo_l62_a6d2f6834f22e574_seq0,a6d2f6834f22e574,14,,,non,,,,,,-2.72,AF2
egfr-dIII-prod02_denovo_l62_a6d2f6834f22e574_seq1,a6d2f6834f22e574,14,,,non,,,,,,-2.85,AF2
egfr-dIII-prod02_denovo_l63_987fe804e455bc58_seq0,987fe804e455bc58,16,ASP52,3.26,oui,ASP52:OD1,4.37,ASP48:OD1,4.55,4.55,-0.22,AF2
egfr-dIII-prod02_denovo_l63_987fe804e455bc58_seq1,987fe804e455bc58,15,ASP52,3.21,oui,ASP52:OD1,4.32,ASP48:OD1,4.54,4.54,-0.29,AF2
egfr-dIII-prod02_denovo_l64_4a818d7951649b77_seq0,4a818d7951649b77,17,,,non,,,,,,-1.89,AF2
egfr-dIII-prod02_denovo_l64_4a818d7951649b77_seq1,4a818d7951649b77,15,,,non,,,,,,-1.85,AF2
egfr-dIII-prod02_denovo_l73_5b295c4d9e1ff73f_seq0,5b295c4d9e1ff73f,18,,,non,,,,,,-1.73,AF2
egfr-dIII-prod02_denovo_l73_5b295c4d9e1ff73f_seq1,5b295c4d9e1ff73f,21,,,non,,,,,,-1.85,AF2
egfr-dIII-prod02_denovo_l92_5c3ec1903e03c261_seq0,5c3ec1903e03c261,26,ASP72,3.31,non,,,,,,-2.36,AF2
egfr-dIII-prod02_denovo_l92_5c3ec1903e03c261_seq1,5c3ec1903e03c261,24,ASP72,3.17,non,,,,,,-0.86,AF2
