design,n_echantillons,paires_AF2,recuperation_contacts,recuperation_min,recuperation_moyenne,iptm_moyen,iptm_max,ptm_moyen,iplddt_moyen,detail,parent,mutation
egfr-dIII-prod01_denovo_l55_f6d5f550a210fd48_seq0__S38D,3,53,0.736,0.698,0.717,0.86,0.881,0.945,0.926,egfr-dIII-prod01_denovo_l55_f6d5f550a210fd48_seq0__S38D_model_0.cif:0.736 | egfr-dIII-prod01_denovo_l55_f6d5f550a210fd48_seq0__S38D_model_1.cif:0.717 | egfr-dIII-prod01_denovo_l55_f6d5f550a210fd48_seq0__S38D_model_2.cif:0.698,egfr-dIII-prod01_denovo_l55_f6d5f550a210fd48_seq0,S38D
egfr-dIII-prod01_denovo_l64_1e7ab6d8f00c9958_seq0__S28D,3,59,0.881,0.797,0.847,0.93,0.932,0.959,0.94,egfr-dIII-prod01_denovo_l64_1e7ab6d8f00c9958_seq0__S28D_model_0.cif:0.881 | egfr-dIII-prod01_denovo_l64_1e7ab6d8f00c9958_seq0__S28D_model_1.cif:0.864 | egfr-dIII-prod01_denovo_l64_1e7ab6d8f00c9958_seq0__S28D_model_2.cif:0.797,egfr-dIII-prod01_denovo_l64_1e7ab6d8f00c9958_seq0,S28D
egfr-dIII-prod02_denovo_l61_a6334a3a912c86f1_seq0__S15D,3,66,0.833,0.788,0.813,0.955,0.957,0.97,0.95,egfr-dIII-prod02_denovo_l61_a6334a3a912c86f1_seq0__S15D_model_0.cif:0.818 | egfr-dIII-prod02_denovo_l61_a6334a3a912c86f1_seq0__S15D_model_1.cif:0.788 | egfr-dIII-prod02_denovo_l61_a6334a3a912c86f1_seq0__S15D_model_2.cif:0.833,egfr-dIII-prod02_denovo_l61_a6334a3a912c86f1_seq0,S15D
egfr-dIII-prod02_denovo_l61_a6334a3a912c86f1_seq1__S15D,3,67,0.791,0.791,0.791,0.954,0.955,0.971,0.962,egfr-dIII-prod02_denovo_l61_a6334a3a912c86f1_seq1__S15D_model_0.cif:0.791 | egfr-dIII-prod02_denovo_l61_a6334a3a912c86f1_seq1__S15D_model_1.cif:0.791 | egfr-dIII-prod02_denovo_l61_a6334a3a912c86f1_seq1__S15D_model_2.cif:0.791,egfr-dIII-prod02_denovo_l61_a6334a3a912c86f1_seq1,S15D
egfr-dIII-prod02_denovo_l61_cd272a8fd929c7ee_seq0__N21E,3,50,0.92,0.86,0.9,0.938,0.943,0.957,0.942,egfr-dIII-prod02_denovo_l61_cd272a8fd929c7ee_seq0__N21E_model_0.cif:0.86 | egfr-dIII-prod02_denovo_l61_cd272a8fd929c7ee_seq0__N21E_model_1.cif:0.92 | egfr-dIII-prod02_denovo_l61_cd272a8fd929c7ee_seq0__N21E_model_2.cif:0.92,egfr-dIII-prod02_denovo_l61_cd272a8fd929c7ee_seq0,N21E
egfr-dIII-prod02_denovo_l61_cd272a8fd929c7ee_seq1__N21E,3,50,0.94,0.92,0.927,0.939,0.944,0.959,0.961,egfr-dIII-prod02_denovo_l61_cd272a8fd929c7ee_seq1__N21E_model_0.cif:0.92 | egfr-dIII-prod02_denovo_l61_cd272a8fd929c7ee_seq1__N21E_model_1.cif:0.94 | egfr-dIII-prod02_denovo_l61_cd272a8fd929c7ee_seq1__N21E_model_2.cif:0.92,egfr-dIII-prod02_denovo_l61_cd272a8fd929c7ee_seq1,N21E
egfr-dIII-prod02_denovo_l62_a6d2f6834f22e574_seq0__S44D,3,69,0.913,0.725,0.807,0.937,0.94,0.964,0.947,egfr-dIII-prod02_denovo_l62_a6d2f6834f22e574_seq0__S44D_model_0.cif:0.913 | egfr-dIII-prod02_denovo_l62_a6d2f6834f22e574_seq0__S44D_model_1.cif:0.783 | egfr-dIII-prod02_denovo_l62_a6d2f6834f22e574_seq0__S44D_model_2.cif:0.725,egfr-dIII-prod02_denovo_l62_a6d2f6834f22e574_seq0,S44D
egfr-dIII-prod02_denovo_l62_a6d2f6834f22e574_seq1__S44D,3,76,0.842,0.789,0.811,0.914,0.917,0.955,0.931,egfr-dIII-prod02_denovo_l62_a6d2f6834f22e574_seq1__S44D_model_0.cif:0.842 | egfr-dIII-prod02_denovo_l62_a6d2f6834f22e574_seq1__S44D_model_1.cif:0.789 | egfr-dIII-prod02_denovo_l62_a6d2f6834f22e574_seq1__S44D_model_2.cif:0.803,egfr-dIII-prod02_denovo_l62_a6d2f6834f22e574_seq1,S44D
egfr-dIII-prod02_denovo_l64_4a818d7951649b77_seq0__P39D,3,63,0.905,0.635,0.773,0.856,0.902,0.937,0.852,egfr-dIII-prod02_denovo_l64_4a818d7951649b77_seq0__P39D_model_0.cif:0.905 | egfr-dIII-prod02_denovo_l64_4a818d7951649b77_seq0__P39D_model_1.cif:0.778 | egfr-dIII-prod02_denovo_l64_4a818d7951649b77_seq0__P39D_model_2.cif:0.635,egfr-dIII-prod02_denovo_l64_4a818d7951649b77_seq0,P39D
egfr-dIII-prod02_denovo_l64_4a818d7951649b77_seq1__F38D,3,65,0.846,0.8,0.831,0.91,0.917,0.953,0.898,egfr-dIII-prod02_denovo_l64_4a818d7951649b77_seq1__F38D_model_0.cif:0.846 | egfr-dIII-prod02_denovo_l64_4a818d7951649b77_seq1__F38D_model_1.cif:0.8 | egfr-dIII-prod02_denovo_l64_4a818d7951649b77_seq1__F38D_model_2.cif:0.846,egfr-dIII-prod02_denovo_l64_4a818d7951649b77_seq1,F38D
egfr-dIII-prod02_denovo_l73_5b295c4d9e1ff73f_seq0__H23E,3,46,0.913,0.783,0.833,0.923,0.927,0.956,0.948,egfr-dIII-prod02_denovo_l73_5b295c4d9e1ff73f_seq0__H23E_model_0.cif:0.913 | egfr-dIII-prod02_denovo_l73_5b295c4d9e1ff73f_seq0__H23E_model_1.cif:0.804 | egfr-dIII-prod02_denovo_l73_5b295c4d9e1ff73f_seq0__H23E_model_2.cif:0.783,egfr-dIII-prod02_denovo_l73_5b295c4d9e1ff73f_seq0,H23E
egfr-dIII-prod02_denovo_l73_5b295c4d9e1ff73f_seq1__H23E,3,46,0.87,0.848,0.863,0.925,0.928,0.956,0.95,egfr-dIII-prod02_denovo_l73_5b295c4d9e1ff73f_seq1__H23E_model_0.cif:0.87 | egfr-dIII-prod02_denovo_l73_5b295c4d9e1ff73f_seq1__H23E_model_1.cif:0.87 | egfr-dIII-prod02_denovo_l73_5b295c4d9e1ff73f_seq1__H23E_model_2.cif:0.848,egfr-dIII-prod02_denovo_l73_5b295c4d9e1ff73f_seq1,H23E
