design,n_echantillons,paires_AF2,recuperation_contacts,recuperation_min,recuperation_moyenne,iptm_moyen,iptm_max,ptm_moyen,iplddt_moyen,detail
egfr-dIII-prod01_denovo_l55_f6d5f550a210fd48_seq0,3,53,0.811,0.642,0.711,0.848,0.874,0.94,0.92,egfr-dIII-prod01_denovo_l55_f6d5f550a210fd48_seq0_model_0.cif:0.679 | egfr-dIII-prod01_denovo_l55_f6d5f550a210fd48_seq0_model_1.cif:0.642 | egfr-dIII-prod01_denovo_l55_f6d5f550a210fd48_seq0_model_2.cif:0.811
egfr-dIII-prod01_denovo_l64_1e7ab6d8f00c9958_seq0,3,59,0.864,0.831,0.853,0.932,0.936,0.958,0.942,egfr-dIII-prod01_denovo_l64_1e7ab6d8f00c9958_seq0_model_0.cif:0.831 | egfr-dIII-prod01_denovo_l64_1e7ab6d8f00c9958_seq0_model_1.cif:0.864 | egfr-dIII-prod01_denovo_l64_1e7ab6d8f00c9958_seq0_model_2.cif:0.864
egfr-dIII-prod01_denovo_l94_692deac2f1034bb6_seq0,3,58,0.897,0.862,0.879,0.93,0.934,0.957,0.948,egfr-dIII-prod01_denovo_l94_692deac2f1034bb6_seq0_model_0.cif:0.879 | egfr-dIII-prod01_denovo_l94_692deac2f1034bb6_seq0_model_1.cif:0.897 | egfr-dIII-prod01_denovo_l94_692deac2f1034bb6_seq0_model_2.cif:0.862
egfr-dIII-prod02_denovo_l57_9526c9216eb7d6db_seq0,3,48,0.917,0.896,0.91,0.92,0.931,0.957,0.938,egfr-dIII-prod02_denovo_l57_9526c9216eb7d6db_seq0_model_0.cif:0.917 | egfr-dIII-prod02_denovo_l57_9526c9216eb7d6db_seq0_model_1.cif:0.917 | egfr-dIII-prod02_denovo_l57_9526c9216eb7d6db_seq0_model_2.cif:0.896
egfr-dIII-prod02_denovo_l57_9526c9216eb7d6db_seq1,3,46,0.891,0.87,0.877,0.913,0.915,0.954,0.924,egfr-dIII-prod02_denovo_l57_9526c9216eb7d6db_seq1_model_0.cif:0.87 | egfr-dIII-prod02_denovo_l57_9526c9216eb7d6db_seq1_model_1.cif:0.891 | egfr-dIII-prod02_denovo_l57_9526c9216eb7d6db_seq1_model_2.cif:0.87
egfr-dIII-prod02_denovo_l58_fd5dae7987a2388d_seq0,3,62,0.887,0.855,0.876,0.937,0.941,0.962,0.967,egfr-dIII-prod02_denovo_l58_fd5dae7987a2388d_seq0_model_0.cif:0.887 | egfr-dIII-prod02_denovo_l58_fd5dae7987a2388d_seq0_model_1.cif:0.887 | egfr-dIII-prod02_denovo_l58_fd5dae7987a2388d_seq0_model_2.cif:0.855
egfr-dIII-prod02_denovo_l58_fd5dae7987a2388d_seq1,3,64,0.938,0.906,0.922,0.936,0.941,0.961,0.957,egfr-dIII-prod02_denovo_l58_fd5dae7987a2388d_seq1_model_0.cif:0.938 | egfr-dIII-prod02_denovo_l58_fd5dae7987a2388d_seq1_model_1.cif:0.906 | egfr-dIII-prod02_denovo_l58_fd5dae7987a2388d_seq1_model_2.cif:0.922
egfr-dIII-prod02_denovo_l59_36dbfc4737a3e59b_seq0,3,58,0.879,0.845,0.868,0.925,0.931,0.959,0.948,egfr-dIII-prod02_denovo_l59_36dbfc4737a3e59b_seq0_model_0.cif:0.879 | egfr-dIII-prod02_denovo_l59_36dbfc4737a3e59b_seq0_model_1.cif:0.879 | egfr-dIII-prod02_denovo_l59_36dbfc4737a3e59b_seq0_model_2.cif:0.845
egfr-dIII-prod02_denovo_l59_36dbfc4737a3e59b_seq1,3,56,0.857,0.804,0.822,0.938,0.946,0.964,0.972,egfr-dIII-prod02_denovo_l59_36dbfc4737a3e59b_seq1_model_0.cif:0.857 | egfr-dIII-prod02_denovo_l59_36dbfc4737a3e59b_seq1_model_1.cif:0.804 | egfr-dIII-prod02_denovo_l59_36dbfc4737a3e59b_seq1_model_2.cif:0.804
egfr-dIII-prod02_denovo_l61_a6334a3a912c86f1_seq0,3,66,0.909,0.864,0.889,0.948,0.951,0.967,0.945,egfr-dIII-prod02_denovo_l61_a6334a3a912c86f1_seq0_model_0.cif:0.909 | egfr-dIII-prod02_denovo_l61_a6334a3a912c86f1_seq0_model_1.cif:0.894 | egfr-dIII-prod02_denovo_l61_a6334a3a912c86f1_seq0_model_2.cif:0.864
egfr-dIII-prod02_denovo_l61_a6334a3a912c86f1_seq1,3,67,0.851,0.806,0.826,0.957,0.959,0.971,0.961,egfr-dIII-prod02_denovo_l61_a6334a3a912c86f1_seq1_model_0.cif:0.806 | egfr-dIII-prod02_denovo_l61_a6334a3a912c86f1_seq1_model_1.cif:0.821 | egfr-dIII-prod02_denovo_l61_a6334a3a912c86f1_seq1_model_2.cif:0.851
egfr-dIII-prod02_denovo_l61_cd272a8fd929c7ee_seq0,3,50,0.96,0.86,0.913,0.941,0.943,0.959,0.954,egfr-dIII-prod02_denovo_l61_cd272a8fd929c7ee_seq0_model_0.cif:0.86 | egfr-dIII-prod02_denovo_l61_cd272a8fd929c7ee_seq0_model_1.cif:0.96 | egfr-dIII-prod02_denovo_l61_cd272a8fd929c7ee_seq0_model_2.cif:0.92
egfr-dIII-prod02_denovo_l61_cd272a8fd929c7ee_seq1,3,50,0.92,0.9,0.907,0.938,0.945,0.958,0.962,egfr-dIII-prod02_denovo_l61_cd272a8fd929c7ee_seq1_model_0.cif:0.92 | egfr-dIII-prod02_denovo_l61_cd272a8fd929c7ee_seq1_model_1.cif:0.9 | egfr-dIII-prod02_denovo_l61_cd272a8fd929c7ee_seq1_model_2.cif:0.9
egfr-dIII-prod02_denovo_l62_a6d2f6834f22e574_seq0,3,69,0.899,0.87,0.88,0.949,0.953,0.969,0.941,egfr-dIII-prod02_denovo_l62_a6d2f6834f22e574_seq0_model_0.cif:0.87 | egfr-dIII-prod02_denovo_l62_a6d2f6834f22e574_seq0_model_1.cif:0.87 | egfr-dIII-prod02_denovo_l62_a6d2f6834f22e574_seq0_model_2.cif:0.899
egfr-dIII-prod02_denovo_l62_a6d2f6834f22e574_seq1,3,76,0.921,0.829,0.86,0.935,0.936,0.964,0.92,egfr-dIII-prod02_denovo_l62_a6d2f6834f22e574_seq1_model_0.cif:0.829 | egfr-dIII-prod02_denovo_l62_a6d2f6834f22e574_seq1_model_1.cif:0.921 | egfr-dIII-prod02_denovo_l62_a6d2f6834f22e574_seq1_model_2.cif:0.829
egfr-dIII-prod02_denovo_l63_987fe804e455bc58_seq0,3,64,0.969,0.953,0.958,0.948,0.951,0.967,0.958,egfr-dIII-prod02_denovo_l63_987fe804e455bc58_seq0_model_0.cif:0.953 | egfr-dIII-prod02_denovo_l63_987fe804e455bc58_seq0_model_1.cif:0.969 | egfr-dIII-prod02_denovo_l63_987fe804e455bc58_seq0_model_2.cif:0.953
egfr-dIII-prod02_denovo_l63_987fe804e455bc58_seq1,3,62,0.935,0.919,0.93,0.946,0.949,0.966,0.948,egfr-dIII-prod02_denovo_l63_987fe804e455bc58_seq1_model_0.cif:0.935 | egfr-dIII-prod02_denovo_l63_987fe804e455bc58_seq1_model_1.cif:0.919 | egfr-dIII-prod02_denovo_l63_987fe804e455bc58_seq1_model_2.cif:0.935
egfr-dIII-prod02_denovo_l64_4a818d7951649b77_seq0,3,63,0.905,0.857,0.884,0.921,0.937,0.956,0.876,egfr-dIII-prod02_denovo_l64_4a818d7951649b77_seq0_model_0.cif:0.857 | egfr-dIII-prod02_denovo_l64_4a818d7951649b77_seq0_model_1.cif:0.889 | egfr-dIII-prod02_denovo_l64_4a818d7951649b77_seq0_model_2.cif:0.905
egfr-dIII-prod02_denovo_l64_4a818d7951649b77_seq1,3,65,0.892,0.815,0.846,0.909,0.927,0.953,0.885,egfr-dIII-prod02_denovo_l64_4a818d7951649b77_seq1_model_0.cif:0.831 | egfr-dIII-prod02_denovo_l64_4a818d7951649b77_seq1_model_1.cif:0.815 | egfr-dIII-prod02_denovo_l64_4a818d7951649b77_seq1_model_2.cif:0.892
egfr-dIII-prod02_denovo_l73_5b295c4d9e1ff73f_seq0,3,46,0.87,0.783,0.826,0.932,0.939,0.96,0.953,egfr-dIII-prod02_denovo_l73_5b295c4d9e1ff73f_seq0_model_0.cif:0.783 | egfr-dIII-prod02_denovo_l73_5b295c4d9e1ff73f_seq0_model_1.cif:0.826 | egfr-dIII-prod02_denovo_l73_5b295c4d9e1ff73f_seq0_model_2.cif:0.87
egfr-dIII-prod02_denovo_l73_5b295c4d9e1ff73f_seq1,3,46,0.891,0.848,0.87,0.93,0.938,0.959,0.953,egfr-dIII-prod02_denovo_l73_5b295c4d9e1ff73f_seq1_model_0.cif:0.87 | egfr-dIII-prod02_denovo_l73_5b295c4d9e1ff73f_seq1_model_1.cif:0.891 | egfr-dIII-prod02_denovo_l73_5b295c4d9e1ff73f_seq1_model_2.cif:0.848
egfr-dIII-prod02_denovo_l92_5c3ec1903e03c261_seq0,3,56,0.696,0.571,0.619,0.866,0.885,0.936,0.928,egfr-dIII-prod02_denovo_l92_5c3ec1903e03c261_seq0_model_0.cif:0.589 | egfr-dIII-prod02_denovo_l92_5c3ec1903e03c261_seq0_model_1.cif:0.571 | egfr-dIII-prod02_denovo_l92_5c3ec1903e03c261_seq0_model_2.cif:0.696
egfr-dIII-prod02_denovo_l92_5c3ec1903e03c261_seq1,3,56,0.929,0.875,0.899,0.91,0.913,0.948,0.931,egfr-dIII-prod02_denovo_l92_5c3ec1903e03c261_seq1_model_0.cif:0.875 | egfr-dIII-prod02_denovo_l92_5c3ec1903e03c261_seq1_model_1.cif:0.893 | egfr-dIII-prod02_denovo_l92_5c3ec1903e03c261_seq1_model_2.cif:0.929
