design,squelette,iptm_humain,iptm_souris,recuperation_epitope_souris,recuperation_souris_min,dpKa_humain_AF2,dpKa_humain_Boltz,dpKa_souris_Boltz,facteur_humain_Boltz,facteur_souris_Boltz,pKa_H409_lie_souris,pKa_H409_libre_souris,delta_iptm,delta_dpKa_souris_vs_humain,mecanisme_humain_Boltz,mecanisme_souris_Boltz,mecanisme_conserve
egfr-dIII-prod01_denovo_l55_f6d5f550a210fd48_seq0,f6d5f550a210fd48,0.848,0.836,0.604,0.566,-2.89,-2.56,-2.86,0.686,0.677,3.41,6.27,-0.012,-0.3,non,non,sans objet
egfr-dIII-prod01_denovo_l64_1e7ab6d8f00c9958_seq0,1e7ab6d8f00c9958,0.932,0.932,0.831,0.78,-2.25,-2.3,-2.12,0.654,0.655,4.2,6.32,0.0,0.18,non,non,sans objet
egfr-dIII-prod01_denovo_l94_692deac2f1034bb6_seq0,692deac2f1034bb6,0.93,0.914,0.897,0.879,2.84,2.27,2.41,4.996,5.043,8.71,6.3,-0.016,0.14,oui,oui,oui
egfr-dIII-prod02_denovo_l57_9526c9216eb7d6db_seq0,9526c9216eb7d6db,0.92,0.851,0.479,0.458,0.03,-0.41,-2.62,0.794,0.713,3.57,6.19,-0.069,-2.21,non,non,sans objet
egfr-dIII-prod02_denovo_l57_9526c9216eb7d6db_seq1,9526c9216eb7d6db,0.913,0.815,0.478,0.435,-0.23,0.45,-2.48,1.517,0.718,3.7,6.18,-0.098,-2.93,non,non,sans objet
egfr-dIII-prod02_denovo_l58_fd5dae7987a2388d_seq0,fd5dae7987a2388d,0.937,0.944,0.806,0.806,-0.01,-0.11,-2.65,0.934,0.691,3.59,6.24,0.007,-2.54,non,non,sans objet
egfr-dIII-prod02_denovo_l58_fd5dae7987a2388d_seq1,fd5dae7987a2388d,0.936,0.938,0.812,0.766,-0.07,-0.12,-0.13,0.927,0.924,6.11,6.24,0.002,-0.01,non,non,sans objet
egfr-dIII-prod02_denovo_l59_36dbfc4737a3e59b_seq0,36dbfc4737a3e59b,0.925,0.928,0.897,0.828,-1.19,-0.41,-0.33,0.786,0.826,5.97,6.3,0.003,0.08,non,non,sans objet
egfr-dIII-prod02_denovo_l59_36dbfc4737a3e59b_seq1,36dbfc4737a3e59b,0.938,0.928,0.839,0.821,0.96,-0.17,-0.38,0.895,0.796,5.97,6.35,-0.01,-0.21,non,non,sans objet
egfr-dIII-prod02_denovo_l61_a6334a3a912c86f1_seq0,a6334a3a912c86f1,0.948,0.939,0.833,0.803,-2.68,-3.05,-2.63,0.722,0.713,3.56,6.19,-0.009,0.42,non,non,sans objet
egfr-dIII-prod02_denovo_l61_a6334a3a912c86f1_seq1,a6334a3a912c86f1,0.957,0.948,0.806,0.761,-2.75,-2.47,-2.5,0.714,0.714,3.69,6.19,-0.009,-0.03,non,non,sans objet
egfr-dIII-prod02_denovo_l61_cd272a8fd929c7ee_seq0,cd272a8fd929c7ee,0.941,0.933,0.92,0.9,-0.4,-0.39,-0.5,0.811,0.784,5.77,6.27,-0.008,-0.11,non,non,sans objet
egfr-dIII-prod02_denovo_l61_cd272a8fd929c7ee_seq1,cd272a8fd929c7ee,0.938,0.942,0.9,0.9,-0.4,-0.36,-0.37,0.828,0.822,5.89,6.26,0.004,-0.01,non,non,sans objet
egfr-dIII-prod02_denovo_l62_a6d2f6834f22e574_seq0,a6d2f6834f22e574,0.949,0.93,0.812,0.797,-2.72,-3.57,-3.16,0.671,0.676,3.11,6.27,-0.019,0.41,non,non,sans objet
egfr-dIII-prod02_denovo_l62_a6d2f6834f22e574_seq1,a6d2f6834f22e574,0.935,0.921,0.921,0.816,-2.85,-3.07,-2.83,0.69,0.686,3.42,6.25,-0.014,0.24,non,non,sans objet
egfr-dIII-prod02_denovo_l63_987fe804e455bc58_seq0,987fe804e455bc58,0.948,0.937,0.906,0.891,-0.22,1.04,-0.11,2.781,0.931,6.17,6.28,-0.011,-1.15,oui,non,perdu chez la souris
egfr-dIII-prod02_denovo_l63_987fe804e455bc58_seq1,987fe804e455bc58,0.946,0.94,0.935,0.871,-0.29,0.97,-0.7,2.587,0.744,5.57,6.27,-0.006,-1.67,oui,non,perdu chez la souris
egfr-dIII-prod02_denovo_l64_4a818d7951649b77_seq0,4a818d7951649b77,0.921,0.911,0.889,0.857,-1.89,-2.16,-2.78,0.683,0.695,3.45,6.23,-0.01,-0.62,non,non,sans objet
egfr-dIII-prod02_denovo_l64_4a818d7951649b77_seq1,4a818d7951649b77,0.909,0.873,0.785,0.738,-1.85,-2.47,-2.52,0.682,0.682,3.74,6.26,-0.036,-0.05,non,non,sans objet
egfr-dIII-prod02_denovo_l73_5b295c4d9e1ff73f_seq0,5b295c4d9e1ff73f,0.932,0.924,0.804,0.783,-1.73,-1.74,-2.18,0.673,0.674,4.1,6.28,-0.008,-0.44,non,non,sans objet
egfr-dIII-prod02_denovo_l73_5b295c4d9e1ff73f_seq1,5b295c4d9e1ff73f,0.93,0.926,0.761,0.717,-1.85,-2.53,-1.72,0.672,0.678,4.56,6.28,-0.004,0.81,non,non,sans objet
egfr-dIII-prod02_denovo_l92_5c3ec1903e03c261_seq0,5c3ec1903e03c261,0.866,0.856,0.911,0.875,-2.36,-2.96,-2.95,0.695,0.672,3.33,6.28,-0.01,0.01,non,non,sans objet
egfr-dIII-prod02_denovo_l92_5c3ec1903e03c261_seq1,5c3ec1903e03c261,0.91,0.879,0.929,0.911,-0.86,-1.82,-1.84,0.686,0.686,4.42,6.26,-0.031,-0.02,non,non,sans objet
