design_id,longueur,ESM2_PLL_par_residu,ESM2_PLL_total
egfr-dIII-prod01_denovo_l94_692deac2f1034bb6_seq0,94,-2.0341,-191.2
egfr-dIII-prod02_denovo_l59_36dbfc4737a3e59b_seq1,59,-2.0516,-121.04
egfr-dIII-prod02_denovo_l63_987fe804e455bc58_seq0,63,-2.3882,-150.46
egfr-dIII-prod02_denovo_l63_987fe804e455bc58_seq1,63,-2.259,-142.32
egfr-dIII-prod02_denovo_l61_cd272a8fd929c7ee_seq1,61,-2.1664,-132.15
egfr-dIII-prod02_denovo_l61_cd272a8fd929c7ee_seq0,61,-2.0997,-128.08
egfr-dIII-prod02_denovo_l58_fd5dae7987a2388d_seq0,58,-2.2955,-133.14
egfr-dIII-prod02_denovo_l58_fd5dae7987a2388d_seq1,58,-1.9588,-113.61
egfr-dIII-prod02_denovo_l57_9526c9216eb7d6db_seq0,57,-1.9272,-109.85
egfr-dIII-prod02_denovo_l57_9526c9216eb7d6db_seq1,57,-2.0341,-115.95
egfr-dIII-prod01_denovo_l64_1e7ab6d8f00c9958_seq0,64,-2.2018,-140.91
egfr-dIII-prod02_denovo_l59_36dbfc4737a3e59b_seq0,59,-1.9859,-117.17
egfr-dIII-prod02_denovo_l92_5c3ec1903e03c261_seq0,92,-2.0141,-185.3
egfr-dIII-prod02_denovo_l62_a6d2f6834f22e574_seq0,62,-2.6271,-162.88
egfr-dIII-prod01_denovo_l55_f6d5f550a210fd48_seq0,55,-2.0014,-110.07
egfr-dIII-prod02_denovo_l62_a6d2f6834f22e574_seq1,62,-2.7015,-167.49
egfr-dIII-prod02_denovo_l73_5b295c4d9e1ff73f_seq1,73,-2.417,-176.44
egfr-dIII-prod02_denovo_l73_5b295c4d9e1ff73f_seq0,73,-2.1487,-156.86
egfr-dIII-prod02_denovo_l61_a6334a3a912c86f1_seq0,61,-2.5057,-152.85
egfr-dIII-prod02_denovo_l92_5c3ec1903e03c261_seq1,92,-2.104,-193.57
egfr-dIII-prod02_denovo_l61_a6334a3a912c86f1_seq1,61,-2.2152,-135.13
egfr-dIII-prod02_denovo_l64_4a818d7951649b77_seq1,64,-2.3847,-152.62
egfr-dIII-prod02_denovo_l64_4a818d7951649b77_seq0,64,-2.2141,-141.7
egfr-dIII-prod02_denovo_l61_cd272a8fd929c7ee_seq1__N21E,61,-2.1509,-131.2
egfr-dIII-prod02_denovo_l61_cd272a8fd929c7ee_seq0__N21E,61,-2.1064,-128.49
egfr-dIII-prod02_denovo_l62_a6d2f6834f22e574_seq1__S44D,62,-2.722,-168.76
egfr-dIII-prod01_denovo_l64_1e7ab6d8f00c9958_seq0__S28D,64,-2.2409,-143.42
egfr-dIII-prod02_denovo_l62_a6d2f6834f22e574_seq0__S44D,62,-2.6411,-163.75
egfr-dIII-prod01_denovo_l55_f6d5f550a210fd48_seq0__S38D,55,-2.0555,-113.05
egfr-dIII-prod02_denovo_l73_5b295c4d9e1ff73f_seq1__H23E,73,-2.3619,-172.42
egfr-dIII-prod02_denovo_l73_5b295c4d9e1ff73f_seq0__H23E,73,-2.0979,-153.15
egfr-dIII-prod02_denovo_l61_a6334a3a912c86f1_seq0__S15D,61,-2.5588,-156.09
egfr-dIII-prod02_denovo_l61_a6334a3a912c86f1_seq1__S15D,61,-2.3163,-141.29
egfr-dIII-prod02_denovo_l64_4a818d7951649b77_seq1__F38D,64,-2.4237,-155.12
egfr-dIII-prod02_denovo_l64_4a818d7951649b77_seq0__P39D,64,-2.2051,-141.12
