design,squelette,pont,residu_acide,atomes,distance_A,angle_deg,sasa_liee_A2,sasa_libre_A2,enfouie_par_interface_A2,frac_exposee_libre,contacts_courts,contact_le_plus_court_A,partenaire,alerte
egfr-dIII-prod01_denovo_l55_f6d5f550a210fd48_seq0,f6d5f550a210fd48,non,GLU36,OE1-ND1,10.29,76.3,99.6,99.6,0.0,0.784,0,3.15,CB--B34:OD1,hors portee
egfr-dIII-prod01_denovo_l64_1e7ab6d8f00c9958_seq0,1e7ab6d8f00c9958,non,GLU34,OE2-ND1,10.3,153.7,90.2,90.2,0.0,0.71,0,2.69,OE2--B31:N,hors portee
egfr-dIII-prod01_denovo_l94_692deac2f1034bb6_seq0,692deac2f1034bb6,oui,ASP56,OD2-NE2,2.52,128.4,31.1,61.1,30.0,0.63,0,2.52,OD2--A409:NE2,CONTACT COURT
egfr-dIII-prod02_denovo_l57_9526c9216eb7d6db_seq0,9526c9216eb7d6db,oui,ASP32,OD1-NE2,2.42,96.1,58.6,92.8,34.3,0.957,0,2.42,OD1--A409:NE2,CONTACT COURT
egfr-dIII-prod02_denovo_l57_9526c9216eb7d6db_seq1,9526c9216eb7d6db,oui,ASP32,OD1-NE2,2.46,99.7,52.8,84.9,32.1,0.876,0,2.46,OD1--A409:NE2,CONTACT COURT
egfr-dIII-prod02_denovo_l58_fd5dae7987a2388d_seq0,fd5dae7987a2388d,oui,GLU24,OE2-ND1,3.36,147.1,41.4,68.2,26.8,0.537,0,3.08,CB--B25:N,-
egfr-dIII-prod02_denovo_l58_fd5dae7987a2388d_seq1,fd5dae7987a2388d,oui,GLU24,OE2-ND1,3.31,159.9,25.3,46.8,21.4,0.368,0,3.01,OE1--B28:NH2,-
egfr-dIII-prod02_denovo_l59_36dbfc4737a3e59b_seq0,36dbfc4737a3e59b,oui,ASP24,OD1-ND1,3.22,79.1,7.5,45.0,37.5,0.464,0,2.69,OD1--B38:NZ,-
egfr-dIII-prod02_denovo_l59_36dbfc4737a3e59b_seq1,36dbfc4737a3e59b,oui,ASP24,OD1-ND1,3.08,85.9,11.8,55.6,43.8,0.573,0,2.87,CB--A409:CE1,-
egfr-dIII-prod02_denovo_l61_a6334a3a912c86f1_seq0,a6334a3a912c86f1,non,GLU17,OE2-ND1,8.22,116.0,91.4,91.4,0.0,0.72,0,3.04,CB--B18:N,hors portee
egfr-dIII-prod02_denovo_l61_a6334a3a912c86f1_seq1,a6334a3a912c86f1,non,GLU17,OE2-ND1,8.26,113.8,100.5,100.5,0.0,0.791,0,3.06,CB--B18:N,hors portee
egfr-dIII-prod02_denovo_l61_cd272a8fd929c7ee_seq0,cd272a8fd929c7ee,non,GLU26,OE2-ND1,12.94,99.8,126.1,126.1,0.0,0.993,0,3.23,CB--B27:N,hors portee
egfr-dIII-prod02_denovo_l61_cd272a8fd929c7ee_seq1,cd272a8fd929c7ee,non,ASP25,OD1-ND1,9.89,118.6,110.6,110.6,0.0,1.14,0,3.27,CB--B26:N,hors portee
egfr-dIII-prod02_denovo_l62_a6d2f6834f22e574_seq0,a6d2f6834f22e574,non,GLU50,OE2-ND1,8.33,115.2,101.5,101.5,0.0,0.799,0,3.06,CB--B51:N,hors portee
egfr-dIII-prod02_denovo_l62_a6d2f6834f22e574_seq1,a6d2f6834f22e574,non,GLU50,OE2-ND1,8.03,121.9,98.8,98.8,0.0,0.778,0,3.09,CB--B51:N,hors portee
egfr-dIII-prod02_denovo_l63_987fe804e455bc58_seq0,987fe804e455bc58,oui,ASP52,OD1-NE2,3.26,116.8,56.0,74.2,18.2,0.765,0,3.04,CB--B53:N,-
egfr-dIII-prod02_denovo_l63_987fe804e455bc58_seq1,987fe804e455bc58,oui,ASP52,OD1-NE2,3.21,119.5,39.8,55.9,16.1,0.576,0,3.04,CB--B53:N,-
egfr-dIII-prod02_denovo_l64_4a818d7951649b77_seq0,4a818d7951649b77,non,ASP41,OD1-ND1,9.83,75.2,82.8,82.8,0.0,0.854,0,3.14,OD1--B40:C,hors portee
egfr-dIII-prod02_denovo_l64_4a818d7951649b77_seq1,4a818d7951649b77,non,GLU49,OE1-ND1,10.11,98.1,42.9,42.9,0.0,0.338,0,3.14,CB--B50:N,hors portee
egfr-dIII-prod02_denovo_l73_5b295c4d9e1ff73f_seq0,5b295c4d9e1ff73f,non,GLU25,OE2-NE2,8.54,147.1,87.5,87.5,0.0,0.689,0,3.05,OE2--B22:N,hors portee
egfr-dIII-prod02_denovo_l73_5b295c4d9e1ff73f_seq1,5b295c4d9e1ff73f,non,GLU25,OE2-NE2,8.37,147.9,91.1,91.1,0.0,0.718,0,2.93,OE2--B22:N,hors portee
egfr-dIII-prod02_denovo_l92_5c3ec1903e03c261_seq0,5c3ec1903e03c261,oui,ASP72,OD2-ND1,3.31,109.1,52.6,80.6,28.0,0.831,0,3.29,CB--B73:N,-
egfr-dIII-prod02_denovo_l92_5c3ec1903e03c261_seq1,5c3ec1903e03c261,oui,ASP72,OD2-ND1,3.17,120.7,45.1,76.3,31.2,0.787,0,3.17,OD2--A409:ND1,-
