design,squelette,mutation,rotamer,distance_H409_A,atomes,angle_deg,a_portee,chi1_deg,chi2_deg,contacts_courts,contact_le_plus_court_A,partenaire,clash_threading,enfouie_par_interface_A2,etendue_centroide_A,rotameres_distincts
egfr-dIII-prod01_denovo_l55_f6d5f550a210fd48_seq0,f6d5f550a210fd48,S38D,1,4.04,OD1-ND1,80.4,non,-159.1,10.1,0,2.78,OD1--A409:CA,non,47.2,3.65,oui
egfr-dIII-prod01_denovo_l55_f6d5f550a210fd48_seq0,f6d5f550a210fd48,S38D,2,3.6,OD1-ND1,106.0,oui,-163.7,55.9,1,2.14,OD1--A409:CA,oui,50.2,3.65,oui
egfr-dIII-prod01_denovo_l55_f6d5f550a210fd48_seq0,f6d5f550a210fd48,S38D,3,5.49,OD2-ND1,60.8,non,58.6,-1.1,1,2.11,OD1--B35:O,oui,25.9,3.65,oui
egfr-dIII-prod01_denovo_l64_1e7ab6d8f00c9958_seq0,1e7ab6d8f00c9958,S28D,1,2.16,OD1-ND1,154.9,oui,-161.1,10.4,2,2.16,OD1--A409:ND1,oui,12.9,3.68,oui
egfr-dIII-prod01_denovo_l64_1e7ab6d8f00c9958_seq0,1e7ab6d8f00c9958,S28D,2,6.34,OD1-ND1,63.0,non,54.7,60.6,2,2.1,OD2--B25:CA,oui,4.8,3.68,oui
egfr-dIII-prod01_denovo_l64_1e7ab6d8f00c9958_seq0,1e7ab6d8f00c9958,S28D,3,2.37,OD1-ND1,133.5,oui,-165.3,59.0,1,2.08,OD1--A409:CE1,oui,13.9,3.68,oui
egfr-dIII-prod02_denovo_l61_a6334a3a912c86f1_seq0,a6334a3a912c86f1,S15D,1,3.96,OD1-ND1,105.0,oui,-164.1,11.0,0,2.6,OD2--B31:CG2,non,15.5,3.16,oui
egfr-dIII-prod02_denovo_l61_a6334a3a912c86f1_seq0,a6334a3a912c86f1,S15D,2,4.07,OD1-NE2,102.4,non,-174.9,62.0,0,2.21,OD2--B28:O,non,14.1,3.16,oui
egfr-dIII-prod02_denovo_l61_a6334a3a912c86f1_seq0,a6334a3a912c86f1,S15D,3,2.89,OD1-NE2,83.1,oui,-66.0,64.7,1,1.96,OD1--B11:O,oui,21.8,3.16,oui
egfr-dIII-prod02_denovo_l61_a6334a3a912c86f1_seq1,a6334a3a912c86f1,S15D,1,3.94,OD1-ND1,104.3,oui,-164.0,10.9,0,2.7,OD2--B31:CG2,non,14.5,3.16,oui
egfr-dIII-prod02_denovo_l61_a6334a3a912c86f1_seq1,a6334a3a912c86f1,S15D,2,4.07,OD1-ND1,106.8,non,-174.9,62.0,1,2.16,OD2--B28:O,oui,14.1,3.16,oui
egfr-dIII-prod02_denovo_l61_a6334a3a912c86f1_seq1,a6334a3a912c86f1,S15D,3,2.85,OD1-NE2,84.3,oui,-66.0,64.7,1,2.03,OD1--B11:O,oui,22.9,3.16,oui
egfr-dIII-prod02_denovo_l61_cd272a8fd929c7ee_seq0,cd272a8fd929c7ee,N21E,1,7.26,OE1-NE2,100.2,non,175.4,65.0,0,3.36,CB--B22:N,non,19.6,2.78,oui
egfr-dIII-prod02_denovo_l61_cd272a8fd929c7ee_seq0,cd272a8fd929c7ee,N21E,2,7.73,OE2-NE2,75.3,non,-170.6,63.2,0,3.36,CB--B22:N,non,24.8,2.78,oui
egfr-dIII-prod02_denovo_l61_cd272a8fd929c7ee_seq0,cd272a8fd929c7ee,N21E,3,7.01,OE1-NE2,111.1,non,-63.1,-82.5,0,3.17,CG--B17:O,non,42.6,2.78,oui
egfr-dIII-prod02_denovo_l61_cd272a8fd929c7ee_seq1,cd272a8fd929c7ee,N21E,1,9.21,OE1-NE2,67.3,non,179.0,171.3,0,3.31,CB--B22:N,non,1.2,3.14,oui
egfr-dIII-prod02_denovo_l61_cd272a8fd929c7ee_seq1,cd272a8fd929c7ee,N21E,2,7.41,OE1-NE2,99.0,non,175.4,65.0,0,3.31,CB--B22:N,non,13.9,3.14,oui
egfr-dIII-prod02_denovo_l61_cd272a8fd929c7ee_seq1,cd272a8fd929c7ee,N21E,3,7.88,OE2-NE2,75.2,non,-170.6,63.2,0,3.31,CB--B22:N,non,16.1,3.14,oui
egfr-dIII-prod02_denovo_l62_a6d2f6834f22e574_seq0,a6d2f6834f22e574,S44D,1,2.08,OD1-NE2,152.9,oui,-174.9,61.9,1,2.08,OD1--A409:NE2,oui,47.1,3.16,oui
egfr-dIII-prod02_denovo_l62_a6d2f6834f22e574_seq0,a6d2f6834f22e574,S44D,2,1.96,OD1-NE2,152.6,oui,-164.0,10.9,1,1.96,OD1--A409:NE2,oui,41.0,3.16,oui
egfr-dIII-prod02_denovo_l62_a6d2f6834f22e574_seq0,a6d2f6834f22e574,S44D,3,3.83,OD2-NE2,110.6,oui,-66.0,64.7,3,1.83,OD2--B52:CE2,oui,16.4,3.16,oui
egfr-dIII-prod02_denovo_l62_a6d2f6834f22e574_seq1,a6d2f6834f22e574,S44D,1,2.69,OD1-NE2,147.2,oui,-174.9,62.0,0,2.67,OD1--A408:NE2,non,57.1,3.16,oui
egfr-dIII-prod02_denovo_l62_a6d2f6834f22e574_seq1,a6d2f6834f22e574,S44D,2,2.48,OD1-NE2,159.0,oui,-164.0,10.8,0,2.48,OD1--A409:NE2,non,50.9,3.16,oui
egfr-dIII-prod02_denovo_l62_a6d2f6834f22e574_seq1,a6d2f6834f22e574,S44D,3,4.27,OD2-NE2,105.1,non,-66.0,64.7,2,1.99,OD1--B40:O,oui,19.8,3.16,oui
egfr-dIII-prod02_denovo_l64_4a818d7951649b77_seq0,4a818d7951649b77,P39D,1,6.74,OD2-ND1,57.6,non,-179.5,55.3,0,2.65,OD2--B43:N,non,1.2,0.25,NON
egfr-dIII-prod02_denovo_l64_4a818d7951649b77_seq0,4a818d7951649b77,P39D,2,6.56,OD1-ND1,66.7,non,-176.8,-7.4,0,2.56,OD2--B43:CB,non,1.2,0.25,NON
egfr-dIII-prod02_denovo_l64_4a818d7951649b77_seq0,4a818d7951649b77,P39D,3,6.57,OD1-ND1,67.2,non,-172.2,-50.5,0,2.55,OD1--B41:N,non,1.2,0.25,NON
egfr-dIII-prod02_denovo_l64_4a818d7951649b77_seq1,4a818d7951649b77,F38D,1,6.27,OD2-NE2,70.4,non,-69.3,-56.0,0,3.13,CB--B45:CD1,non,0.0,3.13,oui
egfr-dIII-prod02_denovo_l64_4a818d7951649b77_seq1,4a818d7951649b77,F38D,2,6.61,OD1-ND1,59.1,non,-72.0,-11.0,0,3.13,CB--B45:CD1,non,0.0,3.13,oui
egfr-dIII-prod02_denovo_l64_4a818d7951649b77_seq1,4a818d7951649b77,F38D,3,4.91,OD1-ND1,92.1,non,-177.6,-5.9,1,2.18,OD2--B45:CD1,oui,0.0,3.13,oui
egfr-dIII-prod02_denovo_l73_5b295c4d9e1ff73f_seq0,5b295c4d9e1ff73f,H23E,1,5.26,OE2-ND1,92.9,non,-70.6,174.9,0,3.16,CB--B24:N,non,24.7,2.52,oui
egfr-dIII-prod02_denovo_l73_5b295c4d9e1ff73f_seq0,5b295c4d9e1ff73f,H23E,2,6.92,OE1-ND1,77.3,non,-177.4,177.6,0,3.16,CB--B24:N,non,1.2,2.52,oui
egfr-dIII-prod02_denovo_l73_5b295c4d9e1ff73f_seq0,5b295c4d9e1ff73f,H23E,3,6.71,OE2-ND1,86.4,non,-178.5,175.8,0,3.16,CB--B24:N,non,1.2,2.52,oui
egfr-dIII-prod02_denovo_l73_5b295c4d9e1ff73f_seq1,5b295c4d9e1ff73f,H23E,1,5.24,OE2-ND1,92.3,non,-70.6,174.9,0,3.14,CB--B24:N,non,26.8,2.52,oui
egfr-dIII-prod02_denovo_l73_5b295c4d9e1ff73f_seq1,5b295c4d9e1ff73f,H23E,2,6.9,OE1-ND1,77.8,non,-177.4,177.6,0,3.14,CB--B24:N,non,1.2,2.52,oui
egfr-dIII-prod02_denovo_l73_5b295c4d9e1ff73f_seq1,5b295c4d9e1ff73f,H23E,3,6.72,OE2-ND1,85.5,non,-178.5,175.7,0,3.14,CB--B24:N,non,1.2,2.52,oui
