squelette,parent,mutation,dpKa_parent,dpKa_mutant,ddpKa,ddpKa_etendue_rotameres,facteur_parent,facteur_mutant,gain_facteur,pKa_DE_min,pKa_DE_max,verdict_carboxylate,rotameres_retenus,portee_H409,charge_parent,charge_mutant,recuperation_parent,recuperation_mutant,cout_structural,verdict
a6d2f6834f22e574,egfr-dIII-prod02_denovo_l62_a6d2f6834f22e574_seq1,S44D,-2.85,0.23,3.08,0.06,0.695,1.191,1.714,3.49,4.07,VERT,sans clash,2/3 rotameres a portee et sans clash,-5.9,-5.9,0.921,0.842,-0.079,ameliore
f6d5f550a210fd48,egfr-dIII-prod01_denovo_l55_f6d5f550a210fd48_seq0,S38D,-2.89,-2.25,0.64,2.16,0.7,0.701,1.001,2.87,5.12,INDETERMINE,tous (moins de 2 sans clash),0/3 rotameres a portee et sans clash,-3.0,-3.0,0.811,0.736,-0.075,neutre (hors portee de H409)
5b295c4d9e1ff73f,egfr-dIII-prod02_denovo_l73_5b295c4d9e1ff73f_seq1,H23E,-1.85,-1.71,0.14,0.02,0.686,0.687,1.001,4.85,5.18,INDETERMINE,sans clash,0/3 rotameres a portee et sans clash,-12.0,-12.0,0.891,0.87,-0.021,neutre (hors portee de H409)
5b295c4d9e1ff73f,egfr-dIII-prod02_denovo_l73_5b295c4d9e1ff73f_seq0,H23E,-1.73,-1.51,0.22,0.14,0.687,0.691,1.006,4.67,5.09,INDETERMINE,sans clash,0/3 rotameres a portee et sans clash,-8.9,-8.9,0.87,0.913,0.043,neutre (hors portee de H409)
4a818d7951649b77,egfr-dIII-prod02_denovo_l64_4a818d7951649b77_seq0,P39D,-1.89,-1.54,0.35,0.0,0.694,0.7,1.009,3.24,3.65,VERT,sans clash,0/3 rotameres a portee et sans clash,-6.0,-6.0,0.905,0.905,0.0,neutre (hors portee de H409)
cd272a8fd929c7ee,egfr-dIII-prod02_denovo_l61_cd272a8fd929c7ee_seq1,N21E,-0.4,-0.37,0.03,0.04,0.808,0.816,1.01,5.19,5.35,ROUGE,sans clash,0/3 rotameres a portee et sans clash,-7.0,-7.0,0.92,0.94,0.02,degrade (carboxylate auto-destructeur)
cd272a8fd929c7ee,egfr-dIII-prod02_denovo_l61_cd272a8fd929c7ee_seq0,N21E,-0.4,-0.36,0.04,0.01,0.808,0.822,1.017,5.16,5.81,ROUGE,sans clash,0/3 rotameres a portee et sans clash,-5.0,-5.0,0.96,0.92,-0.04,degrade (carboxylate auto-destructeur)
1e7ab6d8f00c9958,egfr-dIII-prod01_denovo_l64_1e7ab6d8f00c9958_seq0,S28D,-2.25,-0.75,1.5,2.33,0.659,0.722,1.096,3.52,5.37,INDETERMINE,IMPOSSIBLE : tous les rotameres clashent,0/3 rotameres a portee et sans clash,-7.0,-7.0,0.864,0.881,0.017,degrade (structurellement impossible)
a6d2f6834f22e574,egfr-dIII-prod02_denovo_l62_a6d2f6834f22e574_seq0,S44D,-2.72,-1.72,1.0,3.71,0.686,0.692,1.009,3.77,9.91,INDETERMINE,IMPOSSIBLE : tous les rotameres clashent,0/3 rotameres a portee et sans clash,-3.9,-3.9,0.899,0.913,0.014,degrade (structurellement impossible)
a6334a3a912c86f1,egfr-dIII-prod02_denovo_l61_a6334a3a912c86f1_seq0,S15D,-2.68,-2.74,-0.06,0.01,0.709,0.709,1.0,8.67,8.77,ROUGE,sans clash,1/3 rotameres a portee et sans clash,-8.0,-8.0,0.909,0.833,-0.076,degrade (carboxylate auto-destructeur)
a6334a3a912c86f1,egfr-dIII-prod02_denovo_l61_a6334a3a912c86f1_seq1,S15D,-2.75,-1.65,1.1,3.46,0.713,0.719,1.008,5.54,8.7,ROUGE,tous (moins de 2 sans clash),1/3 rotameres a portee et sans clash,-4.0,-4.0,0.851,0.791,-0.06,degrade (carboxylate auto-destructeur)
4a818d7951649b77,egfr-dIII-prod02_denovo_l64_4a818d7951649b77_seq1,F38D,-1.85,-1.8,0.05,0.0,0.695,0.695,1.0,6.17,6.25,ROUGE,sans clash,0/3 rotameres a portee et sans clash,-6.0,-6.0,0.892,0.846,-0.046,degrade (carboxylate auto-destructeur)
