design,squelette,cote,groupe,pKa_lie,pKa_libre,dpKa,sens
egfr-dIII-prod01_denovo_l55_f6d5f550a210fd48_seq0,f6d5f550a210fd48,cible,ASP344A,5.52,4.36,1.16,monte
egfr-dIII-prod01_denovo_l55_f6d5f550a210fd48_seq0,f6d5f550a210fd48,cible,ASP436A,4.7,3.34,1.36,monte
egfr-dIII-prod01_denovo_l55_f6d5f550a210fd48_seq0,f6d5f550a210fd48,cible,HIS346A,3.59,4.92,-1.33,baisse
egfr-dIII-prod01_denovo_l55_f6d5f550a210fd48_seq0,f6d5f550a210fd48,cible,HIS409A,3.33,6.22,-2.89,baisse
egfr-dIII-prod01_denovo_l64_1e7ab6d8f00c9958_seq0,1e7ab6d8f00c9958,cible,ASP436A,4.27,3.45,0.82,monte
egfr-dIII-prod01_denovo_l64_1e7ab6d8f00c9958_seq0,1e7ab6d8f00c9958,binder,ASP46B,4.48,3.96,0.52,monte
egfr-dIII-prod01_denovo_l64_1e7ab6d8f00c9958_seq0,1e7ab6d8f00c9958,cible,HIS346A,3.26,4.94,-1.68,baisse
egfr-dIII-prod01_denovo_l64_1e7ab6d8f00c9958_seq0,1e7ab6d8f00c9958,cible,HIS409A,4.06,6.31,-2.25,baisse
egfr-dIII-prod01_denovo_l64_1e7ab6d8f00c9958_seq0,1e7ab6d8f00c9958,cible,LYS465A,9.4,10.34,-0.94,baisse
egfr-dIII-prod01_denovo_l64_1e7ab6d8f00c9958_seq0,1e7ab6d8f00c9958,binder,LYS60B,7.75,10.43,-2.68,baisse
egfr-dIII-prod01_denovo_l94_692deac2f1034bb6_seq0,692deac2f1034bb6,cible,ASP344A,5.23,4.36,0.87,monte
egfr-dIII-prod01_denovo_l94_692deac2f1034bb6_seq0,692deac2f1034bb6,cible,ASP436A,4.24,3.06,1.18,monte
egfr-dIII-prod01_denovo_l94_692deac2f1034bb6_seq0,692deac2f1034bb6,binder,ASP42B,4.88,4.08,0.8,monte
egfr-dIII-prod01_denovo_l94_692deac2f1034bb6_seq0,692deac2f1034bb6,binder,ASP47B,5.15,4.11,1.04,monte
egfr-dIII-prod01_denovo_l94_692deac2f1034bb6_seq0,692deac2f1034bb6,binder,ASP54B,6.8,4.1,2.7,monte
egfr-dIII-prod01_denovo_l94_692deac2f1034bb6_seq0,692deac2f1034bb6,binder,ASP81B,5.44,4.29,1.15,monte
egfr-dIII-prod01_denovo_l94_692deac2f1034bb6_seq0,692deac2f1034bb6,binder,GLU73B,2.17,3.87,-1.7,baisse
egfr-dIII-prod01_denovo_l94_692deac2f1034bb6_seq0,692deac2f1034bb6,cible,HIS346A,3.92,5.22,-1.3,baisse
egfr-dIII-prod01_denovo_l94_692deac2f1034bb6_seq0,692deac2f1034bb6,cible,HIS409A,9.11,6.27,2.84,monte
egfr-dIII-prod01_denovo_l94_692deac2f1034bb6_seq0,692deac2f1034bb6,binder,HIS46B,4.49,6.39,-1.9,baisse
egfr-dIII-prod01_denovo_l94_692deac2f1034bb6_seq0,692deac2f1034bb6,binder,TYR61B,11.77,10.12,1.65,monte
egfr-dIII-prod01_denovo_l94_692deac2f1034bb6_seq0,692deac2f1034bb6,cible,LYS465A,7.55,10.26,-2.71,baisse
egfr-dIII-prod02_denovo_l57_9526c9216eb7d6db_seq0,9526c9216eb7d6db,cible,ASP436A,4.75,3.4,1.35,monte
egfr-dIII-prod02_denovo_l57_9526c9216eb7d6db_seq0,9526c9216eb7d6db,binder,ASP16B,5.07,4.47,0.6,monte
egfr-dIII-prod02_denovo_l57_9526c9216eb7d6db_seq0,9526c9216eb7d6db,binder,GLU30B,3.49,4.57,-1.08,baisse
egfr-dIII-prod02_denovo_l57_9526c9216eb7d6db_seq0,9526c9216eb7d6db,cible,LYS465A,9.02,10.31,-1.29,baisse
egfr-dIII-prod02_denovo_l57_9526c9216eb7d6db_seq0,9526c9216eb7d6db,cible,ARG353A,13.44,12.34,1.1,monte
egfr-dIII-prod02_denovo_l57_9526c9216eb7d6db_seq0,9526c9216eb7d6db,binder,ARG12B,11.19,12.78,-1.59,baisse
egfr-dIII-prod02_denovo_l57_9526c9216eb7d6db_seq1,9526c9216eb7d6db,cible,ASP436A,4.52,3.28,1.24,monte
egfr-dIII-prod02_denovo_l57_9526c9216eb7d6db_seq1,9526c9216eb7d6db,binder,ASP16B,5.27,4.49,0.78,monte
egfr-dIII-prod02_denovo_l57_9526c9216eb7d6db_seq1,9526c9216eb7d6db,binder,GLU18B,2.92,4.27,-1.35,baisse
egfr-dIII-prod02_denovo_l57_9526c9216eb7d6db_seq1,9526c9216eb7d6db,binder,GLU30B,3.62,4.58,-0.96,baisse
egfr-dIII-prod02_denovo_l57_9526c9216eb7d6db_seq1,9526c9216eb7d6db,cible,LYS465A,9.1,10.31,-1.21,baisse
egfr-dIII-prod02_denovo_l57_9526c9216eb7d6db_seq1,9526c9216eb7d6db,cible,ARG353A,13.29,12.34,0.95,monte
egfr-dIII-prod02_denovo_l57_9526c9216eb7d6db_seq1,9526c9216eb7d6db,binder,ARG12B,11.22,12.76,-1.54,baisse
egfr-dIII-prod02_denovo_l58_fd5dae7987a2388d_seq0,fd5dae7987a2388d,cible,ASP344A,6.08,4.4,1.68,monte
egfr-dIII-prod02_denovo_l58_fd5dae7987a2388d_seq0,fd5dae7987a2388d,cible,ASP436A,4.17,2.99,1.18,monte
egfr-dIII-prod02_denovo_l58_fd5dae7987a2388d_seq0,fd5dae7987a2388d,binder,GLU18B,5.35,4.66,0.69,monte
egfr-dIII-prod02_denovo_l58_fd5dae7987a2388d_seq0,fd5dae7987a2388d,binder,GLU48B,3.32,4.81,-1.49,baisse
egfr-dIII-prod02_denovo_l58_fd5dae7987a2388d_seq0,fd5dae7987a2388d,cible,HIS346A,3.61,5.17,-1.56,baisse
egfr-dIII-prod02_denovo_l58_fd5dae7987a2388d_seq0,fd5dae7987a2388d,binder,HIS10B,5.73,6.47,-0.74,baisse
egfr-dIII-prod02_denovo_l58_fd5dae7987a2388d_seq1,fd5dae7987a2388d,cible,ASP344A,6.03,4.45,1.58,monte
egfr-dIII-prod02_denovo_l58_fd5dae7987a2388d_seq1,fd5dae7987a2388d,cible,ASP436A,3.99,2.91,1.08,monte
egfr-dIII-prod02_denovo_l58_fd5dae7987a2388d_seq1,fd5dae7987a2388d,binder,GLU18B,5.49,4.73,0.76,monte
egfr-dIII-prod02_denovo_l58_fd5dae7987a2388d_seq1,fd5dae7987a2388d,binder,GLU24B,3.45,4.34,-0.89,baisse
egfr-dIII-prod02_denovo_l58_fd5dae7987a2388d_seq1,fd5dae7987a2388d,cible,HIS346A,3.87,5.18,-1.31,baisse
egfr-dIII-prod02_denovo_l58_fd5dae7987a2388d_seq1,fd5dae7987a2388d,binder,HIS10B,5.67,6.45,-0.78,baisse
egfr-dIII-prod02_denovo_l58_fd5dae7987a2388d_seq1,fd5dae7987a2388d,cible,LYS465A,8.09,10.28,-2.19,baisse
egfr-dIII-prod02_denovo_l59_36dbfc4737a3e59b_seq0,36dbfc4737a3e59b,cible,ASP344A,5.24,4.39,0.85,monte
egfr-dIII-prod02_denovo_l59_36dbfc4737a3e59b_seq0,36dbfc4737a3e59b,binder,ASP20B,4.92,4.09,0.83,monte
egfr-dIII-prod02_denovo_l59_36dbfc4737a3e59b_seq0,36dbfc4737a3e59b,cible,HIS346A,3.0,5.23,-2.23,baisse
egfr-dIII-prod02_denovo_l59_36dbfc4737a3e59b_seq0,36dbfc4737a3e59b,cible,HIS409A,5.12,6.31,-1.19,baisse
egfr-dIII-prod02_denovo_l59_36dbfc4737a3e59b_seq0,36dbfc4737a3e59b,binder,TYR26B,11.56,10.2,1.36,monte
egfr-dIII-prod02_denovo_l59_36dbfc4737a3e59b_seq0,36dbfc4737a3e59b,binder,LYS18B,8.78,10.4,-1.62,baisse
egfr-dIII-prod02_denovo_l59_36dbfc4737a3e59b_seq0,36dbfc4737a3e59b,binder,LYS28B,10.07,10.79,-0.72,baisse
egfr-dIII-prod02_denovo_l59_36dbfc4737a3e59b_seq0,36dbfc4737a3e59b,binder,ARG29B,10.86,12.42,-1.56,baisse
egfr-dIII-prod02_denovo_l59_36dbfc4737a3e59b_seq1,36dbfc4737a3e59b,cible,ASP344A,4.93,4.36,0.57,monte
egfr-dIII-prod02_denovo_l59_36dbfc4737a3e59b_seq1,36dbfc4737a3e59b,binder,ASP24B,1.67,2.79,-1.12,baisse
egfr-dIII-prod02_denovo_l59_36dbfc4737a3e59b_seq1,36dbfc4737a3e59b,cible,HIS346A,2.81,5.24,-2.43,baisse
egfr-dIII-prod02_denovo_l59_36dbfc4737a3e59b_seq1,36dbfc4737a3e59b,cible,HIS409A,7.27,6.31,0.96,monte
egfr-dIII-prod02_denovo_l59_36dbfc4737a3e59b_seq1,36dbfc4737a3e59b,binder,TYR26B,11.5,10.19,1.31,monte
egfr-dIII-prod02_denovo_l59_36dbfc4737a3e59b_seq1,36dbfc4737a3e59b,binder,LYS18B,8.79,10.4,-1.61,baisse
egfr-dIII-prod02_denovo_l59_36dbfc4737a3e59b_seq1,36dbfc4737a3e59b,binder,ARG29B,10.68,12.41,-1.73,baisse
egfr-dIII-prod02_denovo_l61_a6334a3a912c86f1_seq0,a6334a3a912c86f1,cible,ASP344A,5.55,4.37,1.18,monte
egfr-dIII-prod02_denovo_l61_a6334a3a912c86f1_seq0,a6334a3a912c86f1,cible,HIS346A,2.44,4.91,-2.47,baisse
egfr-dIII-prod02_denovo_l61_a6334a3a912c86f1_seq0,a6334a3a912c86f1,cible,HIS409A,3.52,6.2,-2.68,baisse
egfr-dIII-prod02_denovo_l61_a6334a3a912c86f1_seq0,a6334a3a912c86f1,cible,ARG353A,13.0,12.32,0.68,monte
egfr-dIII-prod02_denovo_l61_a6334a3a912c86f1_seq0,a6334a3a912c86f1,binder,ARG27B,11.77,12.64,-0.87,baisse
egfr-dIII-prod02_denovo_l61_a6334a3a912c86f1_seq0,a6334a3a912c86f1,binder,ARG42B,11.02,12.43,-1.41,baisse
egfr-dIII-prod02_denovo_l61_a6334a3a912c86f1_seq1,a6334a3a912c86f1,cible,ASP344A,5.55,4.41,1.14,monte
egfr-dIII-prod02_denovo_l61_a6334a3a912c86f1_seq1,a6334a3a912c86f1,binder,GLU37B,4.17,4.94,-0.77,baisse
egfr-dIII-prod02_denovo_l61_a6334a3a912c86f1_seq1,a6334a3a912c86f1,cible,HIS346A,2.42,4.91,-2.49,baisse
egfr-dIII-prod02_denovo_l61_a6334a3a912c86f1_seq1,a6334a3a912c86f1,cible,HIS409A,3.44,6.19,-2.75,baisse
egfr-dIII-prod02_denovo_l61_a6334a3a912c86f1_seq1,a6334a3a912c86f1,cible,ARG353A,12.95,12.33,0.62,monte
egfr-dIII-prod02_denovo_l61_a6334a3a912c86f1_seq1,a6334a3a912c86f1,binder,ARG27B,11.64,12.58,-0.94,baisse
egfr-dIII-prod02_denovo_l61_a6334a3a912c86f1_seq1,a6334a3a912c86f1,binder,ARG42B,10.98,12.43,-1.45,baisse
egfr-dIII-prod02_denovo_l61_cd272a8fd929c7ee_seq0,cd272a8fd929c7ee,cible,ASP436A,4.61,3.26,1.35,monte
egfr-dIII-prod02_denovo_l61_cd272a8fd929c7ee_seq0,cd272a8fd929c7ee,binder,ASP9B,4.91,4.0,0.91,monte
egfr-dIII-prod02_denovo_l61_cd272a8fd929c7ee_seq0,cd272a8fd929c7ee,binder,GLU51B,5.53,4.88,0.65,monte
egfr-dIII-prod02_denovo_l61_cd272a8fd929c7ee_seq0,cd272a8fd929c7ee,binder,HIS13B,5.49,6.36,-0.87,baisse
egfr-dIII-prod02_denovo_l61_cd272a8fd929c7ee_seq0,cd272a8fd929c7ee,binder,TYR19B,11.71,10.35,1.36,monte
egfr-dIII-prod02_denovo_l61_cd272a8fd929c7ee_seq0,cd272a8fd929c7ee,cible,LYS465A,9.51,10.36,-0.85,baisse
egfr-dIII-prod02_denovo_l61_cd272a8fd929c7ee_seq1,cd272a8fd929c7ee,cible,ASP436A,4.65,3.32,1.33,monte
egfr-dIII-prod02_denovo_l61_cd272a8fd929c7ee_seq1,cd272a8fd929c7ee,binder,ASP18B,4.78,4.22,0.56,monte
egfr-dIII-prod02_denovo_l61_cd272a8fd929c7ee_seq1,cd272a8fd929c7ee,binder,GLU9B,5.05,4.53,0.52,monte
egfr-dIII-prod02_denovo_l61_cd272a8fd929c7ee_seq1,cd272a8fd929c7ee,binder,GLU54B,4.3,4.92,-0.62,baisse
egfr-dIII-prod02_denovo_l61_cd272a8fd929c7ee_seq1,cd272a8fd929c7ee,binder,HIS13B,5.32,6.38,-1.06,baisse
egfr-dIII-prod02_denovo_l61_cd272a8fd929c7ee_seq1,cd272a8fd929c7ee,binder,TYR19B,11.62,10.44,1.18,monte
egfr-dIII-prod02_denovo_l61_cd272a8fd929c7ee_seq1,cd272a8fd929c7ee,cible,LYS465A,9.59,10.36,-0.77,baisse
egfr-dIII-prod02_denovo_l62_a6d2f6834f22e574_seq0,a6d2f6834f22e574,cible,ASP344A,5.38,4.38,1.0,monte
egfr-dIII-prod02_denovo_l62_a6d2f6834f22e574_seq0,a6d2f6834f22e574,cible,ASP355A,4.0,2.97,1.03,monte
egfr-dIII-prod02_denovo_l62_a6d2f6834f22e574_seq0,a6d2f6834f22e574,cible,ASP436A,4.47,3.41,1.06,monte
egfr-dIII-prod02_denovo_l62_a6d2f6834f22e574_seq0,a6d2f6834f22e574,cible,HIS346A,2.17,4.95,-2.78,baisse
egfr-dIII-prod02_denovo_l62_a6d2f6834f22e574_seq0,a6d2f6834f22e574,cible,HIS409A,3.53,6.25,-2.72,baisse
egfr-dIII-prod02_denovo_l62_a6d2f6834f22e574_seq0,a6d2f6834f22e574,binder,HIS25B,3.96,6.28,-2.32,baisse
egfr-dIII-prod02_denovo_l62_a6d2f6834f22e574_seq0,a6d2f6834f22e574,binder,HIS45B,4.72,6.38,-1.66,baisse
egfr-dIII-prod02_denovo_l62_a6d2f6834f22e574_seq0,a6d2f6834f22e574,binder,TYR17B,12.93,10.19,2.74,monte
egfr-dIII-prod02_denovo_l62_a6d2f6834f22e574_seq0,a6d2f6834f22e574,binder,TYR28B,13.46,10.83,2.63,monte
egfr-dIII-prod02_denovo_l62_a6d2f6834f22e574_seq0,a6d2f6834f22e574,binder,TYR38B,11.67,10.06,1.61,monte
egfr-dIII-prod02_denovo_l62_a6d2f6834f22e574_seq0,a6d2f6834f22e574,binder,TYR52B,14.47,11.95,2.52,monte
egfr-dIII-prod02_denovo_l62_a6d2f6834f22e574_seq0,a6d2f6834f22e574,cible,LYS465A,9.44,10.34,-0.9,baisse
egfr-dIII-prod02_denovo_l62_a6d2f6834f22e574_seq0,a6d2f6834f22e574,binder,LYS49B,9.52,10.17,-0.65,baisse
egfr-dIII-prod02_denovo_l62_a6d2f6834f22e574_seq0,a6d2f6834f22e574,cible,ARG353A,11.89,12.45,-0.56,baisse
egfr-dIII-prod02_denovo_l62_a6d2f6834f22e574_seq1,a6d2f6834f22e574,cible,ASP344A,5.48,4.4,1.08,monte
egfr-dIII-prod02_denovo_l62_a6d2f6834f22e574_seq1,a6d2f6834f22e574,cible,ASP355A,3.88,2.83,1.05,monte
egfr-dIII-prod02_denovo_l62_a6d2f6834f22e574_seq1,a6d2f6834f22e574,cible,ASP436A,4.41,3.36,1.05,monte
egfr-dIII-prod02_denovo_l62_a6d2f6834f22e574_seq1,a6d2f6834f22e574,cible,HIS346A,2.1,4.96,-2.86,baisse
egfr-dIII-prod02_denovo_l62_a6d2f6834f22e574_seq1,a6d2f6834f22e574,cible,HIS409A,3.38,6.23,-2.85,baisse
egfr-dIII-prod02_denovo_l62_a6d2f6834f22e574_seq1,a6d2f6834f22e574,binder,HIS25B,4.02,6.28,-2.26,baisse
egfr-dIII-prod02_denovo_l62_a6d2f6834f22e574_seq1,a6d2f6834f22e574,binder,HIS45B,4.69,6.37,-1.68,baisse
egfr-dIII-prod02_denovo_l62_a6d2f6834f22e574_seq1,a6d2f6834f22e574,binder,TYR17B,13.0,10.19,2.81,monte
egfr-dIII-prod02_denovo_l62_a6d2f6834f22e574_seq1,a6d2f6834f22e574,binder,TYR28B,10.48,9.77,0.71,monte
egfr-dIII-prod02_denovo_l62_a6d2f6834f22e574_seq1,a6d2f6834f22e574,binder,TYR38B,11.93,10.04,1.89,monte
egfr-dIII-prod02_denovo_l62_a6d2f6834f22e574_seq1,a6d2f6834f22e574,binder,TYR52B,14.27,11.67,2.6,monte
egfr-dIII-prod02_denovo_l62_a6d2f6834f22e574_seq1,a6d2f6834f22e574,cible,LYS465A,9.41,10.34,-0.93,baisse
egfr-dIII-prod02_denovo_l62_a6d2f6834f22e574_seq1,a6d2f6834f22e574,binder,LYS29B,11.66,10.97,0.69,monte
egfr-dIII-prod02_denovo_l62_a6d2f6834f22e574_seq1,a6d2f6834f22e574,cible,ARG353A,11.22,12.44,-1.22,baisse
egfr-dIII-prod02_denovo_l63_987fe804e455bc58_seq0,987fe804e455bc58,cible,ASP344A,5.12,4.38,0.74,monte
egfr-dIII-prod02_denovo_l63_987fe804e455bc58_seq0,987fe804e455bc58,binder,ASP24B,4.36,3.37,0.99,monte
egfr-dIII-prod02_denovo_l63_987fe804e455bc58_seq0,987fe804e455bc58,binder,ASP27B,2.65,3.75,-1.1,baisse
egfr-dIII-prod02_denovo_l63_987fe804e455bc58_seq0,987fe804e455bc58,binder,ASP48B,4.68,3.92,0.76,monte
egfr-dIII-prod02_denovo_l63_987fe804e455bc58_seq0,987fe804e455bc58,binder,ASP52B,4.44,3.79,0.65,monte
egfr-dIII-prod02_denovo_l63_987fe804e455bc58_seq0,987fe804e455bc58,cible,HIS346A,1.51,5.15,-3.64,baisse
egfr-dIII-prod02_denovo_l63_987fe804e455bc58_seq0,987fe804e455bc58,cible,LYS465A,9.46,10.32,-0.86,baisse
egfr-dIII-prod02_denovo_l63_987fe804e455bc58_seq0,987fe804e455bc58,binder,LYS47B,7.02,10.51,-3.49,baisse
egfr-dIII-prod02_denovo_l63_987fe804e455bc58_seq0,987fe804e455bc58,cible,ARG353A,13.05,12.39,0.66,monte
egfr-dIII-prod02_denovo_l63_987fe804e455bc58_seq1,987fe804e455bc58,cible,ASP344A,5.15,4.39,0.76,monte
egfr-dIII-prod02_denovo_l63_987fe804e455bc58_seq1,987fe804e455bc58,cible,ASP355A,4.24,3.28,0.96,monte
egfr-dIII-prod02_denovo_l63_987fe804e455bc58_seq1,987fe804e455bc58,binder,ASP24B,4.35,3.36,0.99,monte
egfr-dIII-prod02_denovo_l63_987fe804e455bc58_seq1,987fe804e455bc58,binder,ASP27B,2.58,3.74,-1.16,baisse
egfr-dIII-prod02_denovo_l63_987fe804e455bc58_seq1,987fe804e455bc58,binder,ASP48B,4.54,3.96,0.58,monte
egfr-dIII-prod02_denovo_l63_987fe804e455bc58_seq1,987fe804e455bc58,binder,ASP52B,4.89,3.79,1.1,monte
egfr-dIII-prod02_denovo_l63_987fe804e455bc58_seq1,987fe804e455bc58,cible,HIS346A,1.52,5.18,-3.66,baisse
egfr-dIII-prod02_denovo_l63_987fe804e455bc58_seq1,987fe804e455bc58,cible,LYS465A,9.48,10.32,-0.84,baisse
egfr-dIII-prod02_denovo_l63_987fe804e455bc58_seq1,987fe804e455bc58,binder,LYS47B,6.9,10.51,-3.61,baisse
egfr-dIII-prod02_denovo_l63_987fe804e455bc58_seq1,987fe804e455bc58,cible,ARG353A,13.15,12.39,0.76,monte
egfr-dIII-prod02_denovo_l63_987fe804e455bc58_seq1,987fe804e455bc58,binder,ARG43B,11.68,12.19,-0.51,baisse
egfr-dIII-prod02_denovo_l64_4a818d7951649b77_seq0,4a818d7951649b77,cible,ASP344A,5.2,4.34,0.86,monte
egfr-dIII-prod02_denovo_l64_4a818d7951649b77_seq0,4a818d7951649b77,cible,ASP436A,4.6,3.21,1.39,monte
egfr-dIII-prod02_denovo_l64_4a818d7951649b77_seq0,4a818d7951649b77,binder,ASP47B,3.06,3.93,-0.87,baisse
egfr-dIII-prod02_denovo_l64_4a818d7951649b77_seq0,4a818d7951649b77,binder,ASP51B,3.31,4.28,-0.97,baisse
egfr-dIII-prod02_denovo_l64_4a818d7951649b77_seq0,4a818d7951649b77,binder,GLU28B,5.16,3.81,1.35,monte
egfr-dIII-prod02_denovo_l64_4a818d7951649b77_seq0,4a818d7951649b77,cible,HIS346A,3.99,5.22,-1.23,baisse
egfr-dIII-prod02_denovo_l64_4a818d7951649b77_seq0,4a818d7951649b77,cible,HIS409A,4.35,6.24,-1.89,baisse
egfr-dIII-prod02_denovo_l64_4a818d7951649b77_seq0,4a818d7951649b77,binder,TYR15B,14.28,10.79,3.49,monte
egfr-dIII-prod02_denovo_l64_4a818d7951649b77_seq0,4a818d7951649b77,binder,TYR22B,11.69,10.14,1.55,monte
egfr-dIII-prod02_denovo_l64_4a818d7951649b77_seq0,4a818d7951649b77,cible,LYS463A,11.4,10.54,0.86,monte
egfr-dIII-prod02_denovo_l64_4a818d7951649b77_seq0,4a818d7951649b77,cible,ARG353A,11.04,12.34,-1.3,baisse
egfr-dIII-prod02_denovo_l64_4a818d7951649b77_seq1,4a818d7951649b77,cible,ASP344A,5.24,4.34,0.9,monte
egfr-dIII-prod02_denovo_l64_4a818d7951649b77_seq1,4a818d7951649b77,cible,ASP436A,4.48,3.21,1.27,monte
egfr-dIII-prod02_denovo_l64_4a818d7951649b77_seq1,4a818d7951649b77,binder,ASP47B,3.18,3.93,-0.75,baisse
egfr-dIII-prod02_denovo_l64_4a818d7951649b77_seq1,4a818d7951649b77,binder,ASP51B,3.46,4.24,-0.78,baisse
egfr-dIII-prod02_denovo_l64_4a818d7951649b77_seq1,4a818d7951649b77,binder,GLU28B,4.52,3.76,0.76,monte
egfr-dIII-prod02_denovo_l64_4a818d7951649b77_seq1,4a818d7951649b77,cible,HIS346A,3.92,5.18,-1.26,baisse
egfr-dIII-prod02_denovo_l64_4a818d7951649b77_seq1,4a818d7951649b77,cible,HIS409A,4.39,6.24,-1.85,baisse
egfr-dIII-prod02_denovo_l64_4a818d7951649b77_seq1,4a818d7951649b77,binder,TYR15B,14.24,10.61,3.63,monte
egfr-dIII-prod02_denovo_l64_4a818d7951649b77_seq1,4a818d7951649b77,binder,TYR22B,11.58,10.06,1.52,monte
egfr-dIII-prod02_denovo_l64_4a818d7951649b77_seq1,4a818d7951649b77,cible,LYS443A,10.96,10.43,0.53,monte
egfr-dIII-prod02_denovo_l64_4a818d7951649b77_seq1,4a818d7951649b77,cible,LYS463A,11.21,10.54,0.67,monte
egfr-dIII-prod02_denovo_l64_4a818d7951649b77_seq1,4a818d7951649b77,cible,ARG353A,10.81,12.34,-1.53,baisse
egfr-dIII-prod02_denovo_l73_5b295c4d9e1ff73f_seq0,5b295c4d9e1ff73f,cible,ASP344A,5.1,4.34,0.76,monte
egfr-dIII-prod02_denovo_l73_5b295c4d9e1ff73f_seq0,5b295c4d9e1ff73f,cible,ASP436A,4.84,3.43,1.41,monte
egfr-dIII-prod02_denovo_l73_5b295c4d9e1ff73f_seq0,5b295c4d9e1ff73f,binder,GLU11B,5.78,4.91,0.87,monte
egfr-dIII-prod02_denovo_l73_5b295c4d9e1ff73f_seq0,5b295c4d9e1ff73f,binder,GLU51B,4.21,5.1,-0.89,baisse
egfr-dIII-prod02_denovo_l73_5b295c4d9e1ff73f_seq0,5b295c4d9e1ff73f,cible,HIS346A,4.14,5.09,-0.95,baisse
egfr-dIII-prod02_denovo_l73_5b295c4d9e1ff73f_seq0,5b295c4d9e1ff73f,cible,HIS409A,4.53,6.26,-1.73,baisse
egfr-dIII-prod02_denovo_l73_5b295c4d9e1ff73f_seq1,5b295c4d9e1ff73f,cible,ASP436A,4.74,3.37,1.37,monte
egfr-dIII-prod02_denovo_l73_5b295c4d9e1ff73f_seq1,5b295c4d9e1ff73f,binder,GLU11B,5.7,4.88,0.82,monte
egfr-dIII-prod02_denovo_l73_5b295c4d9e1ff73f_seq1,5b295c4d9e1ff73f,binder,GLU51B,4.4,5.11,-0.71,baisse
egfr-dIII-prod02_denovo_l73_5b295c4d9e1ff73f_seq1,5b295c4d9e1ff73f,cible,HIS409A,4.41,6.26,-1.85,baisse
egfr-dIII-prod02_denovo_l92_5c3ec1903e03c261_seq0,5c3ec1903e03c261,cible,ASP436A,4.95,3.18,1.77,monte
egfr-dIII-prod02_denovo_l92_5c3ec1903e03c261_seq0,5c3ec1903e03c261,binder,GLU13B,5.75,4.97,0.78,monte
egfr-dIII-prod02_denovo_l92_5c3ec1903e03c261_seq0,5c3ec1903e03c261,cible,HIS346A,4.72,5.27,-0.55,baisse
egfr-dIII-prod02_denovo_l92_5c3ec1903e03c261_seq0,5c3ec1903e03c261,cible,HIS409A,3.91,6.27,-2.36,baisse
egfr-dIII-prod02_denovo_l92_5c3ec1903e03c261_seq0,5c3ec1903e03c261,binder,ARG23B,10.08,11.56,-1.48,baisse
egfr-dIII-prod02_denovo_l92_5c3ec1903e03c261_seq1,5c3ec1903e03c261,cible,ASP436A,4.97,3.2,1.77,monte
egfr-dIII-prod02_denovo_l92_5c3ec1903e03c261_seq1,5c3ec1903e03c261,binder,GLU59B,5.35,4.8,0.55,monte
egfr-dIII-prod02_denovo_l92_5c3ec1903e03c261_seq1,5c3ec1903e03c261,binder,GLU62B,4.2,5.11,-0.91,baisse
egfr-dIII-prod02_denovo_l92_5c3ec1903e03c261_seq1,5c3ec1903e03c261,cible,HIS346A,4.73,5.31,-0.58,baisse
egfr-dIII-prod02_denovo_l92_5c3ec1903e03c261_seq1,5c3ec1903e03c261,cible,HIS409A,5.42,6.28,-0.86,baisse
