design,squelette,mutation,rotamer,residu,pKa_DE,pKa_modele,decalage_vs_modele,clash_threading,auto_destructeur
egfr-dIII-prod01_denovo_l55_f6d5f550a210fd48_seq0,f6d5f550a210fd48,S38D,1,ASP38,5.12,3.8,1.32,non,oui
egfr-dIII-prod01_denovo_l55_f6d5f550a210fd48_seq0,f6d5f550a210fd48,S38D,2,ASP38,2.87,3.8,-0.93,oui,non
egfr-dIII-prod01_denovo_l55_f6d5f550a210fd48_seq0,f6d5f550a210fd48,S38D,3,ASP38,4.78,3.8,0.98,oui,non
egfr-dIII-prod01_denovo_l64_1e7ab6d8f00c9958_seq0,1e7ab6d8f00c9958,S28D,1,ASP28,3.64,3.8,-0.16,oui,non
egfr-dIII-prod01_denovo_l64_1e7ab6d8f00c9958_seq0,1e7ab6d8f00c9958,S28D,2,ASP28,5.37,3.8,1.57,oui,oui
egfr-dIII-prod01_denovo_l64_1e7ab6d8f00c9958_seq0,1e7ab6d8f00c9958,S28D,3,ASP28,3.52,3.8,-0.28,oui,non
egfr-dIII-prod02_denovo_l61_a6334a3a912c86f1_seq0,a6334a3a912c86f1,S15D,1,ASP15,8.67,3.8,4.87,non,oui
egfr-dIII-prod02_denovo_l61_a6334a3a912c86f1_seq0,a6334a3a912c86f1,S15D,2,ASP15,8.77,3.8,4.97,non,oui
egfr-dIII-prod02_denovo_l61_a6334a3a912c86f1_seq0,a6334a3a912c86f1,S15D,3,ASP15,5.53,3.8,1.73,oui,oui
egfr-dIII-prod02_denovo_l61_a6334a3a912c86f1_seq1,a6334a3a912c86f1,S15D,1,ASP15,8.7,3.8,4.9,non,oui
egfr-dIII-prod02_denovo_l61_a6334a3a912c86f1_seq1,a6334a3a912c86f1,S15D,2,ASP15,8.65,3.8,4.85,oui,oui
egfr-dIII-prod02_denovo_l61_a6334a3a912c86f1_seq1,a6334a3a912c86f1,S15D,3,ASP15,5.54,3.8,1.74,oui,oui
egfr-dIII-prod02_denovo_l61_cd272a8fd929c7ee_seq0,cd272a8fd929c7ee,N21E,1,GLU21,5.17,4.5,0.67,non,oui
egfr-dIII-prod02_denovo_l61_cd272a8fd929c7ee_seq0,cd272a8fd929c7ee,N21E,2,GLU21,5.16,4.5,0.66,non,oui
egfr-dIII-prod02_denovo_l61_cd272a8fd929c7ee_seq0,cd272a8fd929c7ee,N21E,3,GLU21,5.81,4.5,1.31,non,oui
egfr-dIII-prod02_denovo_l61_cd272a8fd929c7ee_seq1,cd272a8fd929c7ee,N21E,1,GLU21,5.19,4.5,0.69,non,oui
egfr-dIII-prod02_denovo_l61_cd272a8fd929c7ee_seq1,cd272a8fd929c7ee,N21E,2,GLU21,5.22,4.5,0.72,non,oui
egfr-dIII-prod02_denovo_l61_cd272a8fd929c7ee_seq1,cd272a8fd929c7ee,N21E,3,GLU21,5.35,4.5,0.85,non,oui
egfr-dIII-prod02_denovo_l62_a6d2f6834f22e574_seq0,a6d2f6834f22e574,S44D,1,ASP44,3.77,3.8,-0.03,oui,non
egfr-dIII-prod02_denovo_l62_a6d2f6834f22e574_seq0,a6d2f6834f22e574,S44D,2,ASP44,7.47,3.8,3.67,oui,oui
egfr-dIII-prod02_denovo_l62_a6d2f6834f22e574_seq0,a6d2f6834f22e574,S44D,3,ASP44,9.91,3.8,6.11,oui,oui
egfr-dIII-prod02_denovo_l62_a6d2f6834f22e574_seq1,a6d2f6834f22e574,S44D,1,ASP44,4.07,3.8,0.27,non,non
egfr-dIII-prod02_denovo_l62_a6d2f6834f22e574_seq1,a6d2f6834f22e574,S44D,2,ASP44,3.49,3.8,-0.31,non,non
egfr-dIII-prod02_denovo_l62_a6d2f6834f22e574_seq1,a6d2f6834f22e574,S44D,3,ASP44,8.79,3.8,4.99,oui,oui
egfr-dIII-prod02_denovo_l64_4a818d7951649b77_seq0,4a818d7951649b77,P39D,1,ASP39,3.24,3.8,-0.56,non,non
egfr-dIII-prod02_denovo_l64_4a818d7951649b77_seq0,4a818d7951649b77,P39D,2,ASP39,3.65,3.8,-0.15,non,non
egfr-dIII-prod02_denovo_l64_4a818d7951649b77_seq0,4a818d7951649b77,P39D,3,ASP39,3.55,3.8,-0.25,non,non
egfr-dIII-prod02_denovo_l64_4a818d7951649b77_seq1,4a818d7951649b77,F38D,1,ASP38,6.25,3.8,2.45,non,oui
egfr-dIII-prod02_denovo_l64_4a818d7951649b77_seq1,4a818d7951649b77,F38D,2,ASP38,6.17,3.8,2.37,non,oui
egfr-dIII-prod02_denovo_l64_4a818d7951649b77_seq1,4a818d7951649b77,F38D,3,ASP38,6.14,3.8,2.34,oui,oui
egfr-dIII-prod02_denovo_l73_5b295c4d9e1ff73f_seq0,5b295c4d9e1ff73f,H23E,1,GLU23,4.67,4.5,0.17,non,non
egfr-dIII-prod02_denovo_l73_5b295c4d9e1ff73f_seq0,5b295c4d9e1ff73f,H23E,2,GLU23,5.09,4.5,0.59,non,oui
egfr-dIII-prod02_denovo_l73_5b295c4d9e1ff73f_seq0,5b295c4d9e1ff73f,H23E,3,GLU23,4.98,4.5,0.48,non,non
egfr-dIII-prod02_denovo_l73_5b295c4d9e1ff73f_seq1,5b295c4d9e1ff73f,H23E,1,GLU23,4.85,4.5,0.35,non,non
egfr-dIII-prod02_denovo_l73_5b295c4d9e1ff73f_seq1,5b295c4d9e1ff73f,H23E,2,GLU23,5.18,4.5,0.68,non,oui
egfr-dIII-prod02_denovo_l73_5b295c4d9e1ff73f_seq1,5b295c4d9e1ff73f,H23E,3,GLU23,5.0,4.5,0.5,non,non
