design,squelette,type,mutation,rotamer,pKa_H409_lie,pKa_H409_libre,dpKa_H409,facteur_pH_predit
egfr-dIII-prod01_denovo_l55_f6d5f550a210fd48_seq0,f6d5f550a210fd48,WT,,0,3.33,6.22,-2.89,0.7
egfr-dIII-prod01_denovo_l55_f6d5f550a210fd48_seq0,f6d5f550a210fd48,mutant,S38D,1,3.24,6.22,-2.98,0.699
egfr-dIII-prod01_denovo_l55_f6d5f550a210fd48_seq0,f6d5f550a210fd48,mutant,S38D,2,5.4,6.22,-0.82,0.747
egfr-dIII-prod01_denovo_l55_f6d5f550a210fd48_seq0,f6d5f550a210fd48,mutant,S38D,3,3.28,6.22,-2.94,0.7
egfr-dIII-prod01_denovo_l64_1e7ab6d8f00c9958_seq0,1e7ab6d8f00c9958,WT,,0,4.06,6.31,-2.25,0.659
egfr-dIII-prod01_denovo_l64_1e7ab6d8f00c9958_seq0,1e7ab6d8f00c9958,mutant,S28D,1,6.34,6.31,0.03,1.023
egfr-dIII-prod01_denovo_l64_1e7ab6d8f00c9958_seq0,1e7ab6d8f00c9958,mutant,S28D,2,4.01,6.31,-2.3,0.659
egfr-dIII-prod01_denovo_l64_1e7ab6d8f00c9958_seq0,1e7ab6d8f00c9958,mutant,S28D,3,6.32,6.31,0.01,1.007
egfr-dIII-prod01_denovo_l94_692deac2f1034bb6_seq0,692deac2f1034bb6,WT,,0,9.11,6.27,2.84,5.28
egfr-dIII-prod02_denovo_l57_9526c9216eb7d6db_seq0,9526c9216eb7d6db,WT,,0,6.33,6.3,0.03,1.022
egfr-dIII-prod02_denovo_l57_9526c9216eb7d6db_seq1,9526c9216eb7d6db,WT,,0,6.07,6.3,-0.23,0.867
egfr-dIII-prod02_denovo_l58_fd5dae7987a2388d_seq0,fd5dae7987a2388d,WT,,0,6.25,6.26,-0.01,0.993
egfr-dIII-prod02_denovo_l58_fd5dae7987a2388d_seq1,fd5dae7987a2388d,WT,,0,6.18,6.25,-0.07,0.956
egfr-dIII-prod02_denovo_l59_36dbfc4737a3e59b_seq0,36dbfc4737a3e59b,WT,,0,5.12,6.31,-1.19,0.681
egfr-dIII-prod02_denovo_l59_36dbfc4737a3e59b_seq1,36dbfc4737a3e59b,WT,,0,7.27,6.31,0.96,2.599
egfr-dIII-prod02_denovo_l61_a6334a3a912c86f1_seq0,a6334a3a912c86f1,WT,,0,3.52,6.2,-2.68,0.709
egfr-dIII-prod02_denovo_l61_a6334a3a912c86f1_seq0,a6334a3a912c86f1,mutant,S15D,1,3.46,6.2,-2.74,0.709
egfr-dIII-prod02_denovo_l61_a6334a3a912c86f1_seq0,a6334a3a912c86f1,mutant,S15D,2,3.47,6.2,-2.73,0.709
egfr-dIII-prod02_denovo_l61_a6334a3a912c86f1_seq0,a6334a3a912c86f1,mutant,S15D,3,6.93,6.2,0.73,1.953
egfr-dIII-prod02_denovo_l61_a6334a3a912c86f1_seq1,a6334a3a912c86f1,WT,,0,3.44,6.19,-2.75,0.713
egfr-dIII-prod02_denovo_l61_a6334a3a912c86f1_seq1,a6334a3a912c86f1,mutant,S15D,1,3.38,6.19,-2.81,0.713
egfr-dIII-prod02_denovo_l61_a6334a3a912c86f1_seq1,a6334a3a912c86f1,mutant,S15D,2,3.39,6.19,-2.8,0.713
egfr-dIII-prod02_denovo_l61_a6334a3a912c86f1_seq1,a6334a3a912c86f1,mutant,S15D,3,6.84,6.19,0.65,1.781
egfr-dIII-prod02_denovo_l61_cd272a8fd929c7ee_seq0,cd272a8fd929c7ee,WT,,0,5.88,6.28,-0.4,0.808
egfr-dIII-prod02_denovo_l61_cd272a8fd929c7ee_seq0,cd272a8fd929c7ee,mutant,N21E,1,5.92,6.28,-0.36,0.821
egfr-dIII-prod02_denovo_l61_cd272a8fd929c7ee_seq0,cd272a8fd929c7ee,mutant,N21E,2,5.93,6.28,-0.35,0.824
egfr-dIII-prod02_denovo_l61_cd272a8fd929c7ee_seq0,cd272a8fd929c7ee,mutant,N21E,3,5.92,6.28,-0.36,0.821
egfr-dIII-prod02_denovo_l61_cd272a8fd929c7ee_seq1,cd272a8fd929c7ee,WT,,0,5.88,6.28,-0.4,0.808
egfr-dIII-prod02_denovo_l61_cd272a8fd929c7ee_seq1,cd272a8fd929c7ee,mutant,N21E,1,5.88,6.28,-0.4,0.808
egfr-dIII-prod02_denovo_l61_cd272a8fd929c7ee_seq1,cd272a8fd929c7ee,mutant,N21E,2,5.92,6.28,-0.36,0.821
egfr-dIII-prod02_denovo_l61_cd272a8fd929c7ee_seq1,cd272a8fd929c7ee,mutant,N21E,3,5.92,6.28,-0.36,0.821
egfr-dIII-prod02_denovo_l62_a6d2f6834f22e574_seq0,a6d2f6834f22e574,WT,,0,3.53,6.25,-2.72,0.686
egfr-dIII-prod02_denovo_l62_a6d2f6834f22e574_seq0,a6d2f6834f22e574,mutant,S44D,1,6.92,6.25,0.67,1.869
egfr-dIII-prod02_denovo_l62_a6d2f6834f22e574_seq0,a6d2f6834f22e574,mutant,S44D,2,3.21,6.25,-3.04,0.686
egfr-dIII-prod02_denovo_l62_a6d2f6834f22e574_seq0,a6d2f6834f22e574,mutant,S44D,3,3.47,6.25,-2.78,0.686
egfr-dIII-prod02_denovo_l62_a6d2f6834f22e574_seq1,a6d2f6834f22e574,WT,,0,3.38,6.23,-2.85,0.695
egfr-dIII-prod02_denovo_l62_a6d2f6834f22e574_seq1,a6d2f6834f22e574,mutant,S44D,1,6.43,6.23,0.2,1.161
egfr-dIII-prod02_denovo_l62_a6d2f6834f22e574_seq1,a6d2f6834f22e574,mutant,S44D,2,6.49,6.23,0.26,1.223
egfr-dIII-prod02_denovo_l62_a6d2f6834f22e574_seq1,a6d2f6834f22e574,mutant,S44D,3,3.33,6.23,-2.9,0.695
egfr-dIII-prod02_denovo_l63_987fe804e455bc58_seq0,987fe804e455bc58,WT,,0,6.06,6.28,-0.22,0.875
egfr-dIII-prod02_denovo_l63_987fe804e455bc58_seq1,987fe804e455bc58,WT,,0,5.98,6.27,-0.29,0.848
egfr-dIII-prod02_denovo_l64_4a818d7951649b77_seq0,4a818d7951649b77,WT,,0,4.35,6.24,-1.89,0.694
egfr-dIII-prod02_denovo_l64_4a818d7951649b77_seq0,4a818d7951649b77,mutant,P39D,1,4.7,6.24,-1.54,0.7
egfr-dIII-prod02_denovo_l64_4a818d7951649b77_seq0,4a818d7951649b77,mutant,P39D,2,4.7,6.24,-1.54,0.7
egfr-dIII-prod02_denovo_l64_4a818d7951649b77_seq0,4a818d7951649b77,mutant,P39D,3,4.7,6.24,-1.54,0.7
egfr-dIII-prod02_denovo_l64_4a818d7951649b77_seq1,4a818d7951649b77,WT,,0,4.39,6.24,-1.85,0.695
egfr-dIII-prod02_denovo_l64_4a818d7951649b77_seq1,4a818d7951649b77,mutant,F38D,1,4.44,6.24,-1.8,0.695
egfr-dIII-prod02_denovo_l64_4a818d7951649b77_seq1,4a818d7951649b77,mutant,F38D,2,4.44,6.24,-1.8,0.695
egfr-dIII-prod02_denovo_l64_4a818d7951649b77_seq1,4a818d7951649b77,mutant,F38D,3,4.42,6.24,-1.82,0.695
egfr-dIII-prod02_denovo_l73_5b295c4d9e1ff73f_seq0,5b295c4d9e1ff73f,WT,,0,4.53,6.26,-1.73,0.687
egfr-dIII-prod02_denovo_l73_5b295c4d9e1ff73f_seq0,5b295c4d9e1ff73f,mutant,H23E,1,4.84,6.26,-1.42,0.694
egfr-dIII-prod02_denovo_l73_5b295c4d9e1ff73f_seq0,5b295c4d9e1ff73f,mutant,H23E,2,4.7,6.26,-1.56,0.69
egfr-dIII-prod02_denovo_l73_5b295c4d9e1ff73f_seq0,5b295c4d9e1ff73f,mutant,H23E,3,4.7,6.26,-1.56,0.69
egfr-dIII-prod02_denovo_l73_5b295c4d9e1ff73f_seq1,5b295c4d9e1ff73f,WT,,0,4.41,6.26,-1.85,0.686
egfr-dIII-prod02_denovo_l73_5b295c4d9e1ff73f_seq1,5b295c4d9e1ff73f,mutant,H23E,1,4.54,6.26,-1.72,0.687
egfr-dIII-prod02_denovo_l73_5b295c4d9e1ff73f_seq1,5b295c4d9e1ff73f,mutant,H23E,2,4.56,6.26,-1.7,0.688
egfr-dIII-prod02_denovo_l73_5b295c4d9e1ff73f_seq1,5b295c4d9e1ff73f,mutant,H23E,3,4.56,6.26,-1.7,0.688
egfr-dIII-prod02_denovo_l92_5c3ec1903e03c261_seq0,5c3ec1903e03c261,WT,,0,3.91,6.27,-2.36,0.678
egfr-dIII-prod02_denovo_l92_5c3ec1903e03c261_seq1,5c3ec1903e03c261,WT,,0,5.42,6.28,-0.86,0.72
