design,run,squelette,chaines,chaine_binder,complexe_pdb,cible_seule_pdb,residu_409,his_cible,empreinte_his_conforme,n_residus_cible
egfr-dIII-prod01_denovo_l55_f6d5f550a210fd48_seq0,egfr-dIII-prod01,f6d5f550a210fd48,"A,B",B,structures/wt/egfr-dIII-prod01_denovo_l55_f6d5f550a210fd48_seq0.pdb,structures/target_only/egfr-dIII-prod01_denovo_l55_f6d5f550a210fd48_seq0.pdb,HIS,"334,346,359,394,409,483",oui,198
egfr-dIII-prod01_denovo_l64_1e7ab6d8f00c9958_seq0,egfr-dIII-prod01,1e7ab6d8f00c9958,"A,B",B,structures/wt/egfr-dIII-prod01_denovo_l64_1e7ab6d8f00c9958_seq0.pdb,structures/target_only/egfr-dIII-prod01_denovo_l64_1e7ab6d8f00c9958_seq0.pdb,HIS,"334,346,359,394,409,483",oui,198
egfr-dIII-prod01_denovo_l94_692deac2f1034bb6_seq0,egfr-dIII-prod01,692deac2f1034bb6,"A,B",B,structures/wt/egfr-dIII-prod01_denovo_l94_692deac2f1034bb6_seq0.pdb,structures/target_only/egfr-dIII-prod01_denovo_l94_692deac2f1034bb6_seq0.pdb,HIS,"334,346,359,394,409,483",oui,198
egfr-dIII-prod02_denovo_l57_9526c9216eb7d6db_seq0,egfr-dIII-prod02,9526c9216eb7d6db,"A,B",B,structures/wt/egfr-dIII-prod02_denovo_l57_9526c9216eb7d6db_seq0.pdb,structures/target_only/egfr-dIII-prod02_denovo_l57_9526c9216eb7d6db_seq0.pdb,HIS,"334,346,359,394,409,483",oui,198
egfr-dIII-prod02_denovo_l57_9526c9216eb7d6db_seq1,egfr-dIII-prod02,9526c9216eb7d6db,"A,B",B,structures/wt/egfr-dIII-prod02_denovo_l57_9526c9216eb7d6db_seq1.pdb,structures/target_only/egfr-dIII-prod02_denovo_l57_9526c9216eb7d6db_seq1.pdb,HIS,"334,346,359,394,409,483",oui,198
egfr-dIII-prod02_denovo_l58_fd5dae7987a2388d_seq0,egfr-dIII-prod02,fd5dae7987a2388d,"A,B",B,structures/wt/egfr-dIII-prod02_denovo_l58_fd5dae7987a2388d_seq0.pdb,structures/target_only/egfr-dIII-prod02_denovo_l58_fd5dae7987a2388d_seq0.pdb,HIS,"334,346,359,394,409,483",oui,198
egfr-dIII-prod02_denovo_l58_fd5dae7987a2388d_seq1,egfr-dIII-prod02,fd5dae7987a2388d,"A,B",B,structures/wt/egfr-dIII-prod02_denovo_l58_fd5dae7987a2388d_seq1.pdb,structures/target_only/egfr-dIII-prod02_denovo_l58_fd5dae7987a2388d_seq1.pdb,HIS,"334,346,359,394,409,483",oui,198
egfr-dIII-prod02_denovo_l59_36dbfc4737a3e59b_seq0,egfr-dIII-prod02,36dbfc4737a3e59b,"A,B",B,structures/wt/egfr-dIII-prod02_denovo_l59_36dbfc4737a3e59b_seq0.pdb,structures/target_only/egfr-dIII-prod02_denovo_l59_36dbfc4737a3e59b_seq0.pdb,HIS,"334,346,359,394,409,483",oui,198
egfr-dIII-prod02_denovo_l59_36dbfc4737a3e59b_seq1,egfr-dIII-prod02,36dbfc4737a3e59b,"A,B",B,structures/wt/egfr-dIII-prod02_denovo_l59_36dbfc4737a3e59b_seq1.pdb,structures/target_only/egfr-dIII-prod02_denovo_l59_36dbfc4737a3e59b_seq1.pdb,HIS,"334,346,359,394,409,483",oui,198
egfr-dIII-prod02_denovo_l61_a6334a3a912c86f1_seq0,egfr-dIII-prod02,a6334a3a912c86f1,"A,B",B,structures/wt/egfr-dIII-prod02_denovo_l61_a6334a3a912c86f1_seq0.pdb,structures/target_only/egfr-dIII-prod02_denovo_l61_a6334a3a912c86f1_seq0.pdb,HIS,"334,346,359,394,409,483",oui,198
egfr-dIII-prod02_denovo_l61_a6334a3a912c86f1_seq1,egfr-dIII-prod02,a6334a3a912c86f1,"A,B",B,structures/wt/egfr-dIII-prod02_denovo_l61_a6334a3a912c86f1_seq1.pdb,structures/target_only/egfr-dIII-prod02_denovo_l61_a6334a3a912c86f1_seq1.pdb,HIS,"334,346,359,394,409,483",oui,198
egfr-dIII-prod02_denovo_l61_cd272a8fd929c7ee_seq0,egfr-dIII-prod02,cd272a8fd929c7ee,"A,B",B,structures/wt/egfr-dIII-prod02_denovo_l61_cd272a8fd929c7ee_seq0.pdb,structures/target_only/egfr-dIII-prod02_denovo_l61_cd272a8fd929c7ee_seq0.pdb,HIS,"334,346,359,394,409,483",oui,198
egfr-dIII-prod02_denovo_l61_cd272a8fd929c7ee_seq1,egfr-dIII-prod02,cd272a8fd929c7ee,"A,B",B,structures/wt/egfr-dIII-prod02_denovo_l61_cd272a8fd929c7ee_seq1.pdb,structures/target_only/egfr-dIII-prod02_denovo_l61_cd272a8fd929c7ee_seq1.pdb,HIS,"334,346,359,394,409,483",oui,198
egfr-dIII-prod02_denovo_l62_a6d2f6834f22e574_seq0,egfr-dIII-prod02,a6d2f6834f22e574,"A,B",B,structures/wt/egfr-dIII-prod02_denovo_l62_a6d2f6834f22e574_seq0.pdb,structures/target_only/egfr-dIII-prod02_denovo_l62_a6d2f6834f22e574_seq0.pdb,HIS,"334,346,359,394,409,483",oui,198
egfr-dIII-prod02_denovo_l62_a6d2f6834f22e574_seq1,egfr-dIII-prod02,a6d2f6834f22e574,"A,B",B,structures/wt/egfr-dIII-prod02_denovo_l62_a6d2f6834f22e574_seq1.pdb,structures/target_only/egfr-dIII-prod02_denovo_l62_a6d2f6834f22e574_seq1.pdb,HIS,"334,346,359,394,409,483",oui,198
egfr-dIII-prod02_denovo_l63_987fe804e455bc58_seq0,egfr-dIII-prod02,987fe804e455bc58,"A,B",B,structures/wt/egfr-dIII-prod02_denovo_l63_987fe804e455bc58_seq0.pdb,structures/target_only/egfr-dIII-prod02_denovo_l63_987fe804e455bc58_seq0.pdb,HIS,"334,346,359,394,409,483",oui,198
egfr-dIII-prod02_denovo_l63_987fe804e455bc58_seq1,egfr-dIII-prod02,987fe804e455bc58,"A,B",B,structures/wt/egfr-dIII-prod02_denovo_l63_987fe804e455bc58_seq1.pdb,structures/target_only/egfr-dIII-prod02_denovo_l63_987fe804e455bc58_seq1.pdb,HIS,"334,346,359,394,409,483",oui,198
egfr-dIII-prod02_denovo_l64_4a818d7951649b77_seq0,egfr-dIII-prod02,4a818d7951649b77,"A,B",B,structures/wt/egfr-dIII-prod02_denovo_l64_4a818d7951649b77_seq0.pdb,structures/target_only/egfr-dIII-prod02_denovo_l64_4a818d7951649b77_seq0.pdb,HIS,"334,346,359,394,409,483",oui,198
egfr-dIII-prod02_denovo_l64_4a818d7951649b77_seq1,egfr-dIII-prod02,4a818d7951649b77,"A,B",B,structures/wt/egfr-dIII-prod02_denovo_l64_4a818d7951649b77_seq1.pdb,structures/target_only/egfr-dIII-prod02_denovo_l64_4a818d7951649b77_seq1.pdb,HIS,"334,346,359,394,409,483",oui,198
egfr-dIII-prod02_denovo_l73_5b295c4d9e1ff73f_seq0,egfr-dIII-prod02,5b295c4d9e1ff73f,"A,B",B,structures/wt/egfr-dIII-prod02_denovo_l73_5b295c4d9e1ff73f_seq0.pdb,structures/target_only/egfr-dIII-prod02_denovo_l73_5b295c4d9e1ff73f_seq0.pdb,HIS,"334,346,359,394,409,483",oui,198
egfr-dIII-prod02_denovo_l73_5b295c4d9e1ff73f_seq1,egfr-dIII-prod02,5b295c4d9e1ff73f,"A,B",B,structures/wt/egfr-dIII-prod02_denovo_l73_5b295c4d9e1ff73f_seq1.pdb,structures/target_only/egfr-dIII-prod02_denovo_l73_5b295c4d9e1ff73f_seq1.pdb,HIS,"334,346,359,394,409,483",oui,198
egfr-dIII-prod02_denovo_l92_5c3ec1903e03c261_seq0,egfr-dIII-prod02,5c3ec1903e03c261,"A,B",B,structures/wt/egfr-dIII-prod02_denovo_l92_5c3ec1903e03c261_seq0.pdb,structures/target_only/egfr-dIII-prod02_denovo_l92_5c3ec1903e03c261_seq0.pdb,HIS,"334,346,359,394,409,483",oui,198
egfr-dIII-prod02_denovo_l92_5c3ec1903e03c261_seq1,egfr-dIII-prod02,5c3ec1903e03c261,"A,B",B,structures/wt/egfr-dIII-prod02_denovo_l92_5c3ec1903e03c261_seq1.pdb,structures/target_only/egfr-dIII-prod02_denovo_l92_5c3ec1903e03c261_seq1.pdb,HIS,"334,346,359,394,409,483",oui,198
