centre,centre_num,centre_uniprot,n,sasa_apolar,sasa_apolar_per_res,sasa_polar,apolar_frac,frac_ident,n_diff,n_acidic,n_acidic_cons,n_hydro,n_cys_ponte,sasa_apolar_cys_ponte,n_fab,min_glyc,min_dist_fab,mean_dist_fab,n_total,frac_exposed,n_full,sasa_apolar_full,sasa_apolar_per_res_full,sasa_polar_full,apolar_frac_full,frac_ident_full,n_diff_full,n_acidic_full,n_acidic_cons_full,n_hydro_full,n_cys_ponte_full,sasa_apolar_cys_ponte_full,n_fab_full,min_glyc_full,min_dist_fab_full,mean_dist_fab_full,n_total_full,frac_exposed_full,n_truncated,member_set_full
C482,482,506,15,639.2,42.6,478.1,0.572,0.6,4,2,2,2,1,14.7,0,5.0,5.7,13.5,30,0.5,15,639.2,42.6,478.1,0.572,0.6,4,2,2,2,1,14.7,0,5.0,5.7,13.5,31,0.484,0,"frozenset({480, 481, 482, 483, 450, 484, 449, 488, 489, 494, 495, 500, 503, 476, 479})"
T358,358,382,8,626.8,78.3,287.3,0.686,0.875,1,1,1,2,0,0,0,5.8,6.0,10.1,18,0.444,8,626.8,78.3,287.3,0.686,0.875,1,1,1,2,0,0,0,5.8,6.0,10.1,18,0.444,0,"frozenset({323, 356, 325, 357, 358, 359, 361, 330})"
Q480,480,504,16,595.6,37.2,447.2,0.571,0.625,5,1,1,1,1,14.7,2,6.0,0.0,8.3,24,0.667,16,595.6,37.2,447.2,0.571,0.625,5,1,1,1,1,14.7,2,6.0,0.0,8.3,24,0.667,0,"frozenset({480, 481, 482, 444, 450, 483, 391, 494, 470, 471, 472, 474, 476, 477, 478, 479})"
S356,356,380,7,562.8,80.4,269.3,0.676,0.714,1,0,0,1,0,0,1,7.8,0.0,7.9,11,0.636,7,562.8,80.4,269.3,0.676,0.714,1,0,0,1,0,0,1,7.8,0.0,7.9,11,0.636,0,"frozenset({353, 356, 357, 358, 359, 361, 362})"
V481,481,505,13,557.0,42.8,369.0,0.602,0.615,4,1,1,1,1,14.7,1,9.9,0.0,10.0,21,0.619,13,557.0,42.8,369.0,0.602,0.615,4,1,1,1,1,14.7,1,9.9,0.0,10.0,21,0.619,0,"frozenset({480, 481, 482, 450, 483, 484, 449, 494, 472, 476, 477, 478, 479})"
R470,470,494,16,537.3,33.6,632.2,0.459,0.562,5,1,1,1,0,0,7,0.0,0.0,3.7,27,0.593,16,537.3,33.6,632.2,0.459,0.562,5,1,1,1,0,0,7,0.0,0.0,3.7,27,0.593,0,"frozenset({480, 449, 420, 476, 473, 466, 468, 470, 471, 472, 441, 474, 443, 444, 477, 478})"
T450,450,474,13,529.3,40.7,434.2,0.549,0.769,2,2,2,3,1,14.7,2,11.4,0.0,10.0,29,0.448,13,529.3,40.7,434.2,0.549,0.769,2,2,2,3,1,14.7,2,11.4,0.0,10.0,29,0.448,0,"frozenset({480, 449, 450, 482, 481, 452, 483, 488, 489, 466, 500, 472, 476})"
P361,361,385,9,522.9,58.1,328.3,0.614,0.778,1,1,1,1,0,0,1,5.8,0.0,8.6,16,0.562,9,522.9,58.1,328.3,0.614,0.778,1,1,1,1,0,0,1,5.8,0.0,8.6,16,0.562,0,"frozenset({352, 353, 356, 358, 359, 361, 362, 330, 364})"
G471,471,495,14,520.4,37.2,573.8,0.476,0.5,5,1,1,1,0,0,6,6.0,0.0,3.6,20,0.7,14,520.4,37.2,573.8,0.476,0.5,5,1,1,1,0,0,6,6.0,0.0,3.6,20,0.7,0,"frozenset({480, 449, 444, 466, 468, 470, 471, 472, 473, 474, 443, 476, 477, 478})"
K476,476,500,14,509.9,36.4,471.1,0.52,0.571,6,1,1,1,1,14.7,3,11.0,0.0,6.3,16,0.875,14,509.9,36.4,471.1,0.52,0.571,6,1,1,1,1,14.7,3,11.0,0.0,6.3,16,0.875,0,"frozenset({480, 481, 449, 450, 482, 470, 471, 472, 473, 474, 476, 477, 478, 479})"
V500,500,524,11,491.1,44.6,366.3,0.573,0.818,1,1,1,1,2,27.4,0,5.0,9.2,16.4,26,0.423,11,491.1,44.6,366.3,0.573,0.818,1,1,1,1,2,27.4,0,5.0,9.2,16.4,27,0.407,0,"frozenset({450, 482, 452, 455, 488, 489, 430, 500, 501, 502, 503})"
H359,359,383,6,485.5,80.9,174.7,0.735,0.833,1,0,0,1,0,0,0,5.8,8.3,10.2,11,0.545,6,485.5,80.9,174.7,0.735,0.833,1,0,0,1,0,0,0,5.8,8.3,10.2,11,0.545,0,"frozenset({356, 357, 358, 359, 361, 330})"
N449,449,473,13,477.3,36.7,470.4,0.504,0.769,2,1,1,3,1,14.7,5,11.0,0.0,5.0,24,0.542,13,477.3,36.7,470.4,0.504,0.769,2,1,1,3,1,14.7,5,11.0,0.0,5.0,24,0.542,0,"frozenset({449, 450, 481, 452, 482, 464, 466, 467, 470, 471, 472, 473, 476})"
S474,474,498,12,471.0,39.2,462.1,0.505,0.417,6,1,1,0,0,0,4,6.0,0.0,4.7,15,0.8,12,471.0,39.2,462.1,0.505,0.417,6,1,1,0,0,0,4,6.0,0.0,4.7,15,0.8,0,"frozenset({480, 444, 470, 471, 472, 473, 474, 443, 476, 477, 478, 479})"
T330,330,354,8,457.8,57.2,357.5,0.562,0.875,1,2,2,0,0,0,0,5.8,8.3,13.9,21,0.381,8,457.8,57.2,357.5,0.562,0.875,1,2,2,0,0,0,0,5.8,8.3,13.9,21,0.381,0,"frozenset({320, 358, 359, 361, 330, 333, 334, 367})"
N452,452,476,10,456.6,45.7,362.9,0.557,0.9,1,1,1,1,0,0,0,10.3,5.7,12.9,16,0.625,10,456.6,45.7,362.9,0.557,0.9,1,1,1,1,0,0,0,10.3,5.7,12.9,16,0.625,0,"frozenset({449, 450, 452, 454, 455, 488, 489, 464, 500, 501})"
I466,466,490,12,450.4,37.5,431.3,0.511,0.75,1,1,1,2,0,0,7,10.4,0.0,2.6,26,0.462,12,450.4,37.5,431.3,0.511,0.75,1,1,1,2,0,0,7,10.4,0.0,2.6,26,0.462,0,"frozenset({449, 450, 463, 464, 465, 466, 467, 468, 470, 471, 472, 441})"
S501,501,525,10,445.0,44.5,375.5,0.542,0.8,1,1,1,1,1,12.7,0,0.0,12.2,18.5,18,0.556,11,458.3,41.7,424.9,0.519,0.818,1,1,1,1,1,12.7,0,0.0,12.2,19.4,20,0.55,1,"frozenset({452, 455, 488, 489, 430, 529, 500, 501, 502, 503, 504})"
E472,472,496,12,442.0,36.8,431.5,0.506,0.667,4,1,1,2,0,0,4,11.0,0.0,4.6,18,0.667,12,442.0,36.8,431.5,0.506,0.667,4,1,1,2,0,0,4,11.0,0.0,4.6,18,0.667,0,"frozenset({480, 449, 450, 481, 466, 470, 471, 472, 473, 474, 476, 477})"
G317,317,341,9,440.7,49.0,338.4,0.566,1.0,0,2,2,2,0,0,0,7.3,6.0,13.6,20,0.45,9,440.7,49.0,338.4,0.566,1.0,0,2,2,2,0,0,0,7.3,6.0,13.6,20,0.45,0,"frozenset({320, 322, 323, 325, 406, 314, 317, 318, 319})"
E320,320,344,10,440.7,44.1,477.4,0.48,1.0,0,2,2,1,0,0,0,5.8,12.1,15.5,17,0.588,10,440.7,44.1,477.4,0.48,1.0,0,2,2,1,0,0,0,5.8,12.1,15.5,17,0.588,0,"frozenset({320, 322, 323, 330, 333, 334, 314, 317, 318, 319})"
T478,478,502,12,438.4,36.5,384.4,0.533,0.5,6,0,0,1,0,0,2,6.0,0.0,6.8,15,0.8,12,438.4,36.5,384.4,0.533,0.5,6,0,0,1,0,0,2,6.0,0.0,6.8,15,0.8,0,"frozenset({480, 481, 444, 494, 470, 471, 473, 474, 476, 477, 478, 479})"
D323,323,347,8,429.9,53.7,305.6,0.585,1.0,0,2,2,2,0,0,0,7.3,6.0,13.3,12,0.667,8,429.9,53.7,305.6,0.585,1.0,0,2,2,2,0,0,0,7.3,6.0,13.3,12,0.667,0,"frozenset({320, 322, 323, 325, 358, 317, 318, 319})"
A477,477,501,11,428.8,39.0,397.2,0.519,0.455,6,1,1,1,0,0,3,11.0,0.0,5.6,13,0.846,11,428.8,39.0,397.2,0.519,0.455,6,1,1,1,0,0,3,11.0,0.0,5.6,13,0.846,0,"frozenset({480, 481, 470, 471, 472, 473, 474, 476, 477, 478, 479})"
T464,464,488,9,425.2,47.2,388.3,0.523,0.778,1,0,0,2,0,0,3,17.1,0.0,6.1,23,0.391,9,425.2,47.2,388.3,0.523,0.778,1,0,0,2,0,0,3,17.1,0.0,6.1,23,0.391,0,"frozenset({449, 452, 454, 461, 463, 464, 465, 466, 467})"
E367,367,391,10,421.5,42.1,433.0,0.493,0.8,0,3,2,1,0,0,0,4.8,5.5,13.8,23,0.435,10,421.5,42.1,433.0,0.493,0.8,0,3,2,1,0,0,0,4.8,5.5,13.8,23,0.435,0,"frozenset({352, 362, 330, 364, 365, 366, 367, 333, 369, 336})"
L325,325,349,7,420.3,60.0,252.7,0.625,1.0,0,1,1,2,0,0,2,7.3,0.0,7.0,22,0.318,7,420.3,60.0,252.7,0.625,1.0,0,1,1,2,0,0,2,7.3,0.0,7.0,22,0.318,0,"frozenset({384, 323, 357, 325, 358, 349, 317})"
K463,463,487,9,419.1,46.6,447.2,0.484,0.778,2,0,0,1,0,0,3,17.1,0.0,7.3,17,0.529,9,419.1,46.6,447.2,0.484,0.778,2,0,0,1,0,0,3,17.1,0.0,7.3,17,0.529,0,"frozenset({454, 459, 460, 461, 463, 464, 465, 466, 411})"
P494,494,518,11,418.1,38.0,335.0,0.555,0.545,4,1,1,1,1,14.7,0,8.0,9.6,14.3,25,0.44,11,418.1,38.0,335.0,0.555,0.545,4,1,1,1,1,14.7,0,8.0,9.6,14.3,25,0.44,0,"frozenset({480, 481, 482, 483, 484, 391, 494, 495, 497, 478, 479})"
H483,483,507,12,416.3,34.7,397.0,0.512,0.583,3,1,1,1,2,27.4,0,5.0,9.2,15.7,23,0.522,14,445.3,31.8,541.7,0.451,0.571,3,3,2,1,2,27.4,0,4.9,9.2,17.2,27,0.519,2,"frozenset({480, 481, 482, 483, 484, 450, 513, 494, 495, 497, 502, 503, 510, 479})"
G479,479,503,10,409.7,41.0,262.8,0.609,0.5,4,0,0,1,1,14.7,0,11.4,4.3,10.1,12,0.833,10,409.7,41.0,262.8,0.609,0.5,4,0,0,1,1,14.7,0,11.4,4.3,10.1,12,0.833,0,"frozenset({480, 481, 482, 483, 494, 474, 476, 477, 478, 479})"
F352,352,376,10,409.4,40.9,420.3,0.493,0.8,0,3,2,1,0,0,3,4.0,0.0,7.3,25,0.4,10,409.4,40.9,420.3,0.493,0.8,0,3,2,1,0,0,3,4.0,0.0,7.3,25,0.4,0,"frozenset({352, 353, 384, 388, 361, 362, 364, 365, 367, 349})"
E489,489,513,10,404.2,40.4,327.3,0.553,0.8,1,1,1,1,2,27.4,0,5.0,9.2,16.2,16,0.625,10,404.2,40.4,327.3,0.553,0.8,1,1,1,1,2,27.4,0,5.0,9.2,16.2,17,0.588,0,"frozenset({450, 482, 452, 455, 488, 489, 500, 501, 502, 503})"
S468,468,492,10,402.1,40.2,304.1,0.569,0.5,2,0,0,3,0,0,9,7.6,0.0,0.5,16,0.625,10,402.1,40.2,304.1,0.569,0.5,2,0,0,3,0,0,9,7.6,0.0,0.5,16,0.625,0,"frozenset({417, 418, 465, 466, 467, 468, 470, 471, 441, 443})"
C502,502,526,10,399.2,39.9,344.5,0.537,0.6,2,1,1,1,1,12.7,0,0.0,15.8,19.6,19,0.526,17,609.3,35.8,804.1,0.431,0.706,2,4,3,1,1,12.7,0,0.0,15.8,23.1,29,0.586,7,"frozenset({513, 483, 484, 488, 489, 529, 530, 497, 500, 501, 502, 503, 504, 507, 508, 509, 510})"
K455,455,479,9,392.5,43.6,381.5,0.507,1.0,0,2,2,1,0,0,0,10.3,12.2,15.8,16,0.562,9,392.5,43.6,381.5,0.507,1.0,0,2,2,1,0,0,0,10.3,12.2,15.8,16,0.562,0,"frozenset({452, 454, 455, 489, 458, 430, 431, 500, 501})"
R503,503,527,10,380.1,38.0,289.5,0.568,0.6,2,1,1,1,2,27.4,0,0.0,12.4,18.7,18,0.556,12,406.7,33.9,417.1,0.494,0.583,2,2,1,1,2,27.4,0,0.0,12.4,20.2,22,0.545,2,"frozenset({513, 482, 483, 484, 488, 489, 529, 500, 501, 502, 503, 504})"
K454,454,478,8,379.3,47.4,423.2,0.473,0.75,2,0,0,0,0,0,0,19.3,5.7,11.8,15,0.533,8,379.3,47.4,423.2,0.473,0.75,2,0,0,0,0,0,0,19.3,5.7,11.8,15,0.533,0,"frozenset({452, 454, 455, 458, 460, 461, 463, 464})"
P362,362,386,8,374.4,46.8,278.1,0.574,0.875,0,2,2,1,0,0,1,8.5,0.0,8.9,16,0.5,8,374.4,46.8,278.1,0.574,0.875,0,2,2,1,0,0,1,8.5,0.0,8.9,16,0.5,0,"frozenset({352, 353, 356, 361, 362, 364, 365, 367})"
T406,406,430,11,374.2,34.0,480.6,0.438,1.0,0,1,1,1,0,0,2,11.8,0.0,8.7,25,0.44,11,374.2,34.0,480.6,0.438,1.0,0,1,1,1,0,0,2,11.8,0.0,8.7,25,0.44,0,"frozenset({434, 403, 405, 406, 407, 342, 409, 410, 411, 317, 318})"
K375,375,399,10,369.3,36.9,478.3,0.436,1.0,0,2,2,1,0,0,0,5.1,17.6,19.2,24,0.417,12,445.3,37.1,508.5,0.467,1.0,0,2,2,1,0,0,0,5.1,17.6,20.2,26,0.462,2,"frozenset({428, 397, 398, 430, 400, 307, 308, 372, 310, 375, 312, 311})"
N444,444,468,12,363.5,30.3,426.2,0.46,0.417,5,1,0,0,0,0,4,0.0,0.0,5.4,23,0.522,12,363.5,30.3,426.2,0.46,0.417,5,1,0,0,0,0,4,0.0,0.0,5.4,23,0.522,0,"frozenset({480, 418, 420, 388, 391, 470, 471, 441, 474, 443, 444, 478})"
N473,473,497,9,362.3,40.3,365.4,0.498,0.556,4,1,1,0,0,0,3,11.0,0.0,4.0,11,0.818,9,362.3,40.3,365.4,0.498,0.556,4,1,1,0,0,0,3,11.0,0.0,4.0,11,0.818,0,"frozenset({449, 470, 471, 472, 473, 474, 476, 477, 478})"
H334,334,358,9,359.9,40.0,467.8,0.435,0.889,1,1,1,0,0,0,0,0.0,12.1,18.2,19,0.474,9,359.9,40.0,467.8,0.435,0.889,1,1,1,0,0,0,0,0.0,12.1,18.2,19,0.474,0,"frozenset({320, 330, 333, 334, 336, 337, 311, 314, 319})"
D434,434,458,12,357.4,29.8,561.5,0.389,0.833,2,2,2,0,0,0,1,19.9,0.0,10.4,27,0.444,12,357.4,29.8,561.5,0.389,0.833,2,2,2,0,0,0,1,19.9,0.0,10.4,27,0.444,0,"frozenset({458, 459, 460, 461, 431, 434, 403, 405, 406, 407, 410, 411})"
N337,337,361,8,355.5,44.4,402.4,0.469,0.875,1,0,0,1,1,25.7,0,0.0,17.8,21.3,16,0.5,11,496.7,45.2,457.4,0.521,0.818,2,0,0,1,1,25.7,0,0.0,17.8,23.0,20,0.55,3,"frozenset({289, 312, 334, 336, 337, 307, 308, 309, 310, 311, 372})"
Q411,411,435,8,352.5,44.1,363.4,0.492,1.0,0,1,1,0,0,0,3,19.9,0.0,4.4,20,0.4,8,352.5,44.1,363.4,0.492,1.0,0,1,1,0,0,0,3,19.9,0.0,4.4,20,0.4,0,"frozenset({463, 465, 434, 406, 407, 409, 410, 411})"
K311,311,335,9,349.4,38.8,465.9,0.429,0.889,1,0,0,1,1,25.7,0,0.0,15.6,20.6,18,0.5,12,536.5,44.7,536.8,0.5,0.833,2,0,0,2,1,25.7,0,0.0,15.6,22.6,22,0.545,3,"frozenset({289, 292, 334, 336, 337, 308, 309, 310, 311, 312, 342, 375})"
G461,461,485,8,346.7,43.3,364.8,0.487,0.75,2,1,1,0,0,0,0,21.6,5.7,11.4,12,0.667,8,346.7,43.3,364.8,0.487,0.75,2,1,1,0,0,0,0,21.6,5.7,11.4,12,0.667,0,"frozenset({454, 458, 459, 460, 461, 463, 464, 434})"
N314,314,338,9,341.7,38.0,355.2,0.49,1.0,0,1,1,2,0,0,0,10.1,12.1,16.3,23,0.391,9,341.7,38.0,355.2,0.49,1.0,0,1,1,2,0,0,0,10.1,12.1,16.3,23,0.391,0,"frozenset({320, 322, 334, 342, 312, 314, 317, 318, 319})"
K465,465,489,8,339.3,42.4,330.3,0.507,0.75,0,0,0,3,0,0,6,12.1,0.0,1.5,21,0.381,8,339.3,42.4,330.3,0.507,0.75,0,0,0,3,0,0,6,12.1,0.0,1.5,21,0.381,0,"frozenset({417, 463, 464, 465, 466, 467, 468, 411})"
P365,365,389,10,338.2,33.8,542.7,0.384,0.6,1,4,2,1,0,0,0,0.0,5.5,12.8,21,0.476,10,338.2,33.8,542.7,0.384,0.6,1,4,2,1,0,0,0,0.0,5.5,12.8,21,0.476,0,"frozenset({352, 388, 389, 390, 362, 364, 365, 366, 367, 369})"
G458,458,482,9,338.1,37.6,441.5,0.434,0.778,2,2,2,0,0,0,0,19.7,10.3,13.6,20,0.45,9,338.1,37.6,441.5,0.434,0.778,2,2,2,0,0,0,0,19.7,10.3,13.6,20,0.45,0,"frozenset({454, 455, 458, 459, 460, 461, 431, 434, 403})"
S460,460,484,7,335.8,48.0,324.0,0.509,0.714,2,1,1,0,0,0,0,24.2,6.5,12.2,9,0.778,7,335.8,48.0,324.0,0.509,0.714,2,1,1,0,0,0,0,24.2,6.5,12.2,9,0.778,0,"frozenset({454, 458, 459, 460, 461, 463, 434})"
I318,318,342,9,334.4,37.2,379.0,0.469,1.0,0,2,2,1,0,0,0,11.8,8.3,14.6,20,0.45,9,334.4,37.2,379.0,0.469,1.0,0,2,2,1,0,0,0,11.8,8.3,14.6,20,0.45,0,"frozenset({320, 322, 323, 342, 406, 314, 317, 318, 319})"
P488,488,512,9,334.2,37.1,275.2,0.548,0.778,1,1,1,1,2,27.4,0,5.0,9.2,16.3,14,0.643,9,334.2,37.1,275.2,0.548,0.778,1,1,1,1,2,27.4,0,5.0,9.2,16.3,14,0.643,0,"frozenset({482, 450, 452, 488, 489, 500, 501, 502, 503})"
P349,349,373,7,332.1,47.4,238.1,0.582,0.714,1,0,0,3,0,0,5,7.3,0.0,1.6,21,0.333,7,332.1,47.4,238.1,0.582,0.714,1,0,0,3,0,0,5,7.3,0.0,1.6,21,0.333,0,"frozenset({384, 353, 418, 352, 417, 325, 349})"
S342,342,366,9,332.0,36.9,377.7,0.468,1.0,0,0,0,2,0,0,0,5.1,8.3,15.3,24,0.375,9,332.0,36.9,377.7,0.468,1.0,0,0,0,2,0,0,0,5.1,8.3,15.3,24,0.375,0,"frozenset({403, 405, 342, 406, 312, 314, 311, 318, 319})"
R353,353,377,6,330.9,55.1,174.2,0.655,0.833,0,0,0,1,0,0,2,8.5,0.0,5.2,17,0.353,6,330.9,55.1,174.2,0.655,0.833,0,0,0,1,0,0,2,8.5,0.0,5.2,17,0.353,0,"frozenset({352, 353, 356, 361, 362, 349})"
G441,441,465,11,329.6,30.0,394.2,0.455,0.636,1,0,0,3,0,0,8,0.0,0.0,1.6,21,0.524,11,329.6,30.0,394.2,0.455,0.636,1,0,0,3,0,0,8,0.0,0.0,1.6,21,0.524,0,"frozenset({384, 417, 418, 420, 466, 467, 468, 470, 441, 443, 444})"
G319,319,343,9,323.6,36.0,432.3,0.428,1.0,0,2,2,1,0,0,0,10.1,12.1,15.7,16,0.562,9,323.6,36.0,432.3,0.428,1.0,0,2,2,1,0,0,0,10.1,12.1,15.7,16,0.562,0,"frozenset({320, 322, 323, 334, 342, 314, 317, 318, 319})"
K336,336,360,8,314.1,39.3,428.5,0.423,0.75,1,2,1,0,0,0,0,0.0,15.0,19.1,15,0.533,9,367.2,40.8,436.0,0.457,0.778,1,2,1,0,0,0,0,0.0,15.0,19.6,16,0.562,1,"frozenset({333, 334, 367, 336, 337, 369, 308, 372, 311})"
D364,364,388,8,310.5,38.8,285.2,0.521,0.75,0,3,2,1,0,0,0,8.5,5.5,12.2,17,0.471,8,310.5,38.8,285.2,0.521,0.75,0,3,2,1,0,0,0,8.5,5.5,12.2,17,0.471,0,"frozenset({352, 361, 362, 364, 365, 366, 367, 369})"
N420,420,444,10,306.7,30.7,507.1,0.377,0.6,2,1,0,0,0,0,3,0.0,0.0,7.0,19,0.526,10,306.7,30.7,507.1,0.377,0.6,2,1,0,0,0,0,3,0.0,0.0,7.0,19,0.526,0,"frozenset({418, 388, 420, 389, 390, 391, 470, 441, 443, 444})"
D369,369,393,10,299.5,29.9,481.3,0.384,0.7,1,4,3,0,0,0,0,4.8,12.3,16.6,20,0.5,10,299.5,29.9,481.3,0.384,0.7,1,4,3,0,0,0,0,4.8,12.3,16.6,20,0.5,0,"frozenset({390, 364, 365, 366, 367, 397, 369, 336, 398, 372})"
A484,484,508,8,296.7,37.1,216.6,0.578,0.625,1,0,0,1,2,27.4,0,0.0,9.8,17.9,14,0.571,9,310.0,34.4,294.8,0.513,0.556,1,1,0,1,2,27.4,0,0.0,9.8,18.9,16,0.562,1,"frozenset({513, 482, 483, 484, 481, 494, 502, 503, 504})"
S418,418,442,10,295.8,29.6,418.1,0.414,0.6,1,1,0,1,0,0,7,0.0,0.0,2.4,22,0.455,10,295.8,29.6,418.1,0.414,0.6,1,1,0,1,0,0,7,0.0,0.0,2.4,22,0.455,0,"frozenset({384, 417, 418, 420, 388, 468, 441, 443, 444, 349})"
K333,333,357,6,292.3,48.7,323.3,0.475,1.0,0,2,2,0,0,0,0,4.8,12.1,16.9,13,0.462,6,292.3,48.7,323.3,0.475,1.0,0,2,2,0,0,0,0,4.8,12.1,16.9,13,0.462,0,"frozenset({320, 330, 333, 334, 367, 336})"
V417,417,441,8,292.2,36.5,254.1,0.535,0.625,1,0,0,2,0,0,8,8.8,0.0,0.0,27,0.296,8,292.2,36.5,254.1,0.535,0.625,1,0,0,2,0,0,8,8.8,0.0,0.0,27,0.296,0,"frozenset({384, 417, 418, 465, 467, 468, 441, 349})"
K430,430,454,8,292.1,36.5,305.9,0.488,1.0,0,2,2,1,0,0,0,10.3,15.0,17.5,18,0.444,8,292.1,36.5,305.9,0.488,1.0,0,2,2,1,0,0,0,10.3,15.0,17.5,18,0.444,0,"frozenset({455, 428, 430, 431, 400, 500, 501, 375})"
E431,431,455,9,284.8,31.6,408.3,0.411,1.0,0,3,3,0,0,0,0,16.4,10.3,15.3,20,0.45,9,284.8,31.6,408.3,0.411,1.0,0,3,3,0,0,0,0,16.4,10.3,15.3,20,0.45,0,"frozenset({455, 458, 459, 428, 430, 431, 400, 434, 403})"
Q384,384,408,7,281.4,40.2,154.2,0.646,0.857,1,0,0,3,0,0,5,7.3,0.0,1.6,22,0.318,7,281.4,40.2,154.2,0.646,0.857,1,0,0,3,0,0,5,7.3,0.0,1.6,22,0.318,0,"frozenset({384, 417, 418, 352, 325, 441, 349})"
I467,467,491,8,275.3,34.4,250.2,0.524,0.75,0,0,0,3,0,0,6,10.4,0.0,1.4,15,0.533,8,275.3,34.4,250.2,0.524,0.75,0,0,0,3,0,0,6,10.4,0.0,1.4,15,0.533,0,"frozenset({417, 449, 464, 465, 466, 467, 468, 441})"
K407,407,431,8,274.0,34.2,416.4,0.397,1.0,0,1,1,0,0,0,2,19.9,0.0,6.7,28,0.286,8,274.0,34.2,416.4,0.397,1.0,0,1,1,0,0,0,2,19.9,0.0,6.7,28,0.286,0,"frozenset({434, 403, 405, 406, 407, 409, 410, 411})"
T459,459,483,8,266.9,33.4,369.0,0.42,0.75,2,2,2,0,0,0,0,20.5,6.5,12.6,17,0.471,8,266.9,33.4,369.0,0.42,0.75,2,2,2,0,0,0,0,20.5,6.5,12.6,17,0.471,0,"frozenset({458, 459, 460, 461, 431, 463, 434, 403})"
G410,410,434,7,266.8,38.1,356.3,0.428,1.0,0,1,1,0,0,0,2,19.9,0.0,5.8,16,0.438,7,266.8,38.1,356.3,0.428,1.0,0,1,1,0,0,0,2,19.9,0.0,5.8,16,0.438,0,"frozenset({434, 405, 406, 407, 409, 410, 411})"
K322,322,346,7,263.2,37.6,328.7,0.445,1.0,0,2,2,1,0,0,0,11.8,12.1,15.4,12,0.583,7,263.2,37.6,328.7,0.445,1.0,0,2,2,1,0,0,0,11.8,12.1,15.4,12,0.583,0,"frozenset({320, 322, 323, 314, 317, 318, 319})"
R403,403,427,10,263.2,26.3,485.4,0.352,1.0,0,3,3,0,0,0,0,14.5,5.4,12.7,27,0.37,10,263.2,26.3,485.4,0.352,1.0,0,3,3,0,0,0,0,14.5,5.4,12.7,27,0.37,0,"frozenset({458, 459, 431, 400, 434, 403, 405, 406, 407, 342})"
S428,428,452,9,261.8,29.1,425.5,0.381,1.0,0,3,3,0,0,0,0,10.4,15.9,18.3,21,0.429,10,348.7,34.9,557.6,0.385,1.0,0,3,3,0,0,0,0,10.4,15.9,19.0,22,0.455,1,"frozenset({428, 397, 430, 398, 400, 431, 497, 372, 375, 509})"
E388,388,412,9,254.8,28.3,436.2,0.369,0.667,2,1,0,1,0,0,1,0.0,0.0,9.3,14,0.643,9,254.8,28.3,436.2,0.369,0.667,2,1,0,1,0,0,1,0.0,0.0,9.3,14,0.643,0,"frozenset({352, 418, 420, 388, 389, 390, 391, 365, 444})"
R390,390,414,8,253.6,31.7,476.8,0.347,0.5,1,2,0,0,0,0,0,0.0,7.6,13.6,20,0.4,8,253.6,31.7,476.8,0.347,0.5,1,2,0,0,0,0,0,0.0,7.6,13.6,20,0.4,0,"frozenset({388, 389, 390, 391, 420, 365, 366, 369})"
K443,443,467,9,239.1,26.6,303.5,0.441,0.444,3,0,0,0,0,0,5,0.0,0.0,2.4,17,0.529,9,239.1,26.6,303.5,0.441,0.444,3,0,0,0,0,0,5,0.0,0.0,2.4,17,0.529,0,"frozenset({418, 420, 468, 470, 471, 441, 474, 443, 444})"
V312,312,336,8,234.6,29.3,403.7,0.368,0.875,1,0,0,1,1,25.7,0,0.0,15.6,20.3,19,0.421,8,234.6,29.3,403.7,0.368,0.875,1,0,0,1,1,25.7,0,0.0,15.6,20.3,19,0.421,0,"frozenset({337, 309, 310, 342, 312, 314, 311, 375})"
R310,310,334,6,228.6,38.1,303.4,0.43,0.833,1,0,0,1,1,25.7,0,0.0,17.9,21.9,11,0.545,11,454.3,41.3,574.9,0.441,0.818,1,2,1,2,1,25.7,0,0.0,17.9,25.0,17,0.647,5,"frozenset({292, 293, 337, 306, 307, 308, 309, 310, 311, 312, 375})"
T391,391,415,8,219.7,27.5,411.1,0.348,0.625,2,1,0,0,0,0,0,0.0,5.2,11.3,22,0.364,8,219.7,27.5,411.1,0.348,0.625,2,1,0,0,0,0,0,0.0,5.2,11.3,22,0.364,0,"frozenset({480, 420, 389, 390, 391, 388, 494, 444})"
N389,389,413,6,198.0,33.0,337.4,0.37,0.667,1,1,0,0,0,0,0,0.0,7.6,12.2,9,0.667,6,198.0,33.0,337.4,0.37,0.667,1,1,0,0,0,0,0,0.0,7.6,12.2,9,0.667,0,"frozenset({420, 388, 389, 390, 391, 365})"
K372,372,396,8,191.9,24.0,348.6,0.355,0.75,1,2,1,0,0,0,0,0.0,17.6,19.1,21,0.381,9,245.0,27.2,356.1,0.408,0.778,1,2,1,0,0,0,0,0.0,17.6,19.7,22,0.409,1,"frozenset({428, 397, 398, 336, 369, 337, 372, 308, 375})"
E400,400,424,8,185.7,23.2,397.2,0.319,1.0,0,3,3,0,0,0,0,12.0,13.0,17.3,21,0.381,8,185.7,23.2,397.2,0.319,1.0,0,3,3,0,0,0,0,12.0,13.0,17.3,21,0.381,0,"frozenset({428, 397, 398, 430, 400, 431, 403, 375})"
E397,397,421,8,177.3,22.2,371.5,0.323,0.875,0,3,2,0,0,0,0,10.4,17.6,18.7,24,0.333,9,264.2,29.4,503.6,0.344,0.889,0,3,2,0,0,0,0,10.4,17.6,19.3,25,0.36,1,"frozenset({428, 397, 398, 400, 497, 369, 372, 375, 509})"
Q366,366,390,6,176.4,29.4,308.9,0.363,0.5,1,3,2,0,0,0,0,5.8,12.3,15.1,13,0.462,6,176.4,29.4,308.9,0.363,0.5,1,3,2,0,0,0,0,5.8,12.3,15.1,13,0.462,0,"frozenset({390, 364, 365, 366, 367, 369})"
R405,405,429,7,176.2,25.2,331.2,0.347,1.0,0,1,1,0,0,0,0,14.5,4.5,9.9,18,0.389,7,176.2,25.2,331.2,0.347,1.0,0,1,1,0,0,0,0,14.5,4.5,9.9,18,0.389,0,"frozenset({434, 403, 405, 406, 407, 342, 410})"
R497,497,521,7,168.4,24.1,276.3,0.379,0.857,0,2,2,0,1,12.7,0,5.4,15.1,18.9,18,0.389,11,338.6,30.8,525.8,0.392,0.909,0,3,3,0,1,12.7,0,5.4,15.1,22.0,24,0.458,4,"frozenset({483, 428, 397, 494, 495, 497, 502, 507, 508, 509, 510})"
N398,398,422,7,143.5,20.5,292.9,0.329,0.857,0,3,2,0,0,0,0,10.4,17.6,18.2,20,0.35,10,306.4,30.6,455.2,0.402,0.9,0,3,2,0,0,0,0,6.1,17.6,20.3,23,0.435,3,"frozenset({428, 397, 398, 400, 369, 307, 372, 308, 375, 509})"
