pdb_resnum,uniprot_pos,aa_human,aa_mouse,status,rel_sasa,in_region,uniprot_repeat2,fab_contact,acidic,hydrophobic,dist_glycan,exposed
311,335,K,K,identical,0.421,True,False,False,False,False,5.1,True
312,336,V,V,identical,0.444,True,False,False,False,True,10.7,True
313,337,C,C,identical,0.118,True,False,False,False,False,9.0,False
314,338,N,N,identical,0.279,True,False,False,False,False,14.3,True
315,339,G,G,identical,0.0,True,False,False,False,False,13.0,False
316,340,I,I,identical,0.078,True,False,False,False,True,9.4,False
317,341,G,G,identical,0.281,True,False,False,False,False,11.8,True
318,342,I,I,identical,0.423,True,False,False,False,True,15.0,True
319,343,G,G,identical,0.395,True,False,False,False,False,14.9,True
320,344,E,E,identical,0.48,True,False,False,True,False,12.4,True
321,345,F,F,identical,0.01,True,False,False,False,True,9.4,False
322,346,K,K,identical,0.596,True,False,False,False,False,13.6,True
323,347,D,D,identical,0.706,True,False,False,True,False,12.1,True
324,348,S,T,similar,0.197,True,False,False,False,False,6.8,False
325,349,L,L,identical,0.585,True,False,False,False,True,7.3,True
326,350,S,S,identical,0.0,True,False,False,False,False,5.0,False
327,351,I,I,identical,0.005,True,False,False,False,True,5.7,False
328,352,N,N,identical,0.108,True,False,False,False,False,0.0,False
329,353,A,A,identical,0.16,True,False,False,False,False,5.2,False
330,354,T,T,identical,0.408,True,False,False,False,False,5.8,True
331,355,N,N,identical,0.068,True,False,False,False,False,5.9,False
332,356,I,I,identical,0.0,True,False,False,False,True,6.8,False
333,357,K,K,identical,0.61,True,False,False,False,False,10.4,True
334,358,H,H,identical,0.5,True,False,False,False,False,10.1,True
335,359,F,F,identical,0.0,True,False,False,False,True,8.2,False
336,360,K,K,identical,0.505,True,False,False,False,False,4.8,True
337,361,N,Y,different,0.412,True,False,False,False,False,0.0,True
338,362,C,C,identical,0.0,True,False,False,False,False,5.9,False
339,363,T,T,identical,0.044,True,False,False,False,False,7.5,False
340,364,S,A,similar,0.022,True,False,False,False,False,11.1,False
341,365,I,I,identical,0.0,True,False,False,False,True,12.3,False
342,366,S,S,identical,0.335,True,False,False,False,False,14.5,True
343,367,G,G,identical,0.093,True,False,False,False,False,16.6,False
344,368,D,D,identical,0.122,True,False,False,True,False,14.2,False
345,369,L,L,identical,0.0,True,False,False,False,True,11.8,False
346,370,H,H,identical,0.134,True,False,False,False,False,9.1,False
347,371,I,I,identical,0.012,True,False,False,False,True,9.0,False
348,372,L,L,identical,0.12,True,False,False,False,True,8.2,False
349,373,P,P,identical,0.318,True,False,True,False,False,10.7,True
350,374,V,V,identical,0.178,True,False,True,False,True,7.0,False
351,375,A,A,identical,0.008,True,False,False,False,False,4.5,False
352,376,F,F,identical,0.206,True,False,False,False,True,8.8,True
353,377,R,K,similar,0.596,True,False,True,False,False,9.8,True
354,378,G,G,identical,0.128,True,False,False,False,False,7.2,False
355,379,D,D,identical,0.183,True,False,False,True,False,7.1,False
356,380,S,S,identical,0.571,True,False,False,False,False,12.5,True
357,381,F,F,identical,0.761,True,False,False,False,True,11.8,True
358,382,T,T,identical,0.467,True,False,False,False,False,7.8,True
359,383,H,R,different,0.732,True,False,False,False,False,10.8,True
360,384,T,T,identical,0.102,True,False,False,False,False,5.1,False
361,385,P,P,identical,0.469,True,False,False,False,False,8.5,True
362,386,P,P,identical,0.495,True,False,False,False,False,8.9,True
363,387,L,L,identical,0.044,True,False,False,False,True,5.7,False
364,388,D,D,identical,0.426,True,False,False,True,False,11.0,True
365,389,P,P,identical,0.332,True,False,False,False,False,8.5,True
366,390,Q,R,similar,0.578,True,True,False,False,False,11.6,True
367,391,E,E,identical,0.283,True,True,False,True,False,9.7,True
368,392,L,L,identical,0.006,True,True,False,False,True,11.1,False
369,393,D,E,similar,0.337,True,True,False,True,False,12.2,True
370,394,I,I,identical,0.138,True,True,False,False,True,8.7,False
371,395,L,L,identical,0.0,True,True,False,False,True,10.8,False
372,396,K,K,identical,0.252,True,True,False,False,False,10.4,True
373,397,T,T,identical,0.196,True,True,False,False,False,5.8,False
374,398,V,V,identical,0.0,True,True,False,False,True,10.1,False
375,399,K,K,identical,0.275,True,True,False,False,False,12.0,True
376,400,E,E,identical,0.147,True,True,False,True,False,13.9,False
377,401,I,I,identical,0.0,True,True,False,False,True,15.7,False
378,402,T,T,identical,0.118,True,True,False,False,False,17.5,False
379,403,G,G,identical,0.0,True,True,False,False,False,18.6,False
380,404,F,F,identical,0.05,True,True,False,False,True,17.6,False
381,405,L,L,identical,0.006,True,True,False,False,True,16.0,False
382,406,L,L,identical,0.048,True,True,True,False,True,13.5,False
383,407,I,I,identical,0.005,True,True,False,False,True,11.9,False
384,408,Q,Q,identical,0.339,True,True,True,False,False,12.5,True
385,409,A,A,identical,0.084,True,True,False,False,False,10.0,False
386,410,W,W,identical,0.072,True,True,False,False,True,6.9,False
387,411,P,P,identical,0.083,True,True,False,False,False,6.1,False
388,412,E,D,similar,0.623,True,True,False,True,False,4.0,True
389,413,N,N,identical,0.66,True,True,False,False,False,0.0,True
390,414,R,W,different,0.337,True,True,False,False,False,5.8,True
391,415,T,T,identical,0.444,True,True,False,False,False,8.0,True
392,416,D,D,identical,0.117,True,True,False,True,False,10.6,False
393,417,L,L,identical,0.006,True,True,False,False,True,11.3,False
394,418,H,H,identical,0.032,True,True,False,False,False,11.3,False
395,419,A,A,identical,0.0,True,True,False,False,False,14.1,False
396,420,F,F,identical,0.0,True,True,False,False,True,15.7,False
397,421,E,E,identical,0.21,True,True,False,True,False,16.3,True
398,422,N,N,identical,0.36,True,True,False,False,False,12.5,True
399,423,L,L,identical,0.005,True,True,False,False,True,15.2,False
400,424,E,E,identical,0.429,True,True,False,True,False,16.4,True
401,425,I,I,identical,0.092,True,True,False,False,True,18.4,False
402,426,I,I,identical,0.0,True,True,False,False,True,19.8,False
403,427,R,R,identical,0.246,True,True,False,False,False,20.5,True
404,428,G,G,identical,0.0,True,True,False,False,False,22.2,False
405,429,R,R,identical,0.604,True,True,False,False,False,22.6,True
406,430,T,T,identical,0.405,True,True,False,False,False,19.9,True
407,431,K,K,identical,0.217,True,True,False,False,False,21.6,True
408,432,Q,Q,identical,0.162,True,True,True,False,False,17.4,False
409,433,H,H,identical,0.648,True,True,True,False,False,21.1,True
410,434,G,G,identical,0.52,True,True,False,False,False,22.8,True
411,435,Q,Q,identical,0.399,True,True,True,False,False,23.8,True
412,436,F,F,identical,0.171,True,True,True,False,True,20.7,False
413,437,S,S,identical,0.008,True,True,False,False,False,21.8,False
414,438,L,L,identical,0.006,True,True,False,False,True,18.4,False
415,439,A,A,identical,0.055,True,True,True,False,False,16.4,False
416,440,V,V,identical,0.007,True,True,False,False,True,11.8,False
417,441,V,V,identical,0.264,True,True,True,False,True,12.1,True
418,442,S,G,different,0.432,True,True,True,False,False,8.8,True
419,443,L,L,identical,0.036,True,True,False,False,True,5.4,False
420,444,N,N,identical,0.239,True,True,False,False,False,0.0,True
421,445,I,I,identical,0.006,True,True,False,False,True,5.9,False
422,446,T,T,identical,0.196,True,True,False,False,False,7.9,False
423,447,S,S,identical,0.055,True,True,False,False,False,11.3,False
424,448,L,L,identical,0.023,True,True,False,False,True,12.7,False
425,449,G,G,identical,0.023,True,True,False,False,False,14.0,False
426,450,L,L,identical,0.006,True,True,False,False,True,16.7,False
427,451,R,R,identical,0.136,True,True,False,False,False,17.7,False
428,452,S,S,identical,0.225,True,True,False,False,False,17.3,True
429,453,L,L,identical,0.037,True,True,False,False,True,20.4,False
430,454,K,K,identical,0.534,True,True,False,False,False,20.1,True
431,455,E,E,identical,0.348,True,True,False,True,False,22.8,True
432,456,I,I,identical,0.0,True,True,False,False,True,23.8,False
433,457,S,S,identical,0.175,True,True,False,False,False,24.1,False
434,458,D,D,identical,0.248,True,True,False,True,False,26.6,True
435,459,G,G,identical,0.057,True,True,False,False,False,25.0,False
436,460,D,D,identical,0.186,True,True,False,True,False,23.6,False
437,461,V,V,identical,0.007,True,True,False,False,True,19.8,False
438,462,I,I,identical,0.147,True,True,True,False,True,17.8,False
439,463,I,I,identical,0.0,True,True,False,False,True,14.0,False
440,464,S,S,identical,0.189,True,True,True,False,False,13.9,False
441,465,G,G,identical,0.276,True,True,True,False,False,10.4,True
442,466,N,N,identical,0.0,True,True,False,False,False,7.7,False
443,467,K,R,similar,0.547,True,True,True,False,False,7.6,True
444,468,N,N,identical,0.201,True,True,False,False,False,6.0,True
445,469,L,L,identical,0.017,True,True,False,False,True,9.3,False
446,470,C,C,identical,0.013,True,True,False,False,False,12.3,False
447,471,Y,Y,identical,0.047,True,True,False,False,True,15.1,False
448,472,A,A,identical,0.036,True,True,False,False,False,14.7,False
449,473,N,N,identical,0.329,True,True,False,False,False,18.5,True
450,474,T,T,identical,0.306,True,True,False,False,False,17.9,True
451,475,I,I,identical,0.079,True,True,False,False,True,19.8,False
452,476,N,N,identical,0.426,True,True,False,False,False,19.3,True
453,477,W,W,identical,0.05,True,True,False,False,True,22.6,False
454,478,K,K,identical,0.715,True,True,False,False,False,24.2,True
455,479,K,K,identical,0.517,True,True,False,False,False,19.7,True
456,480,L,L,identical,0.065,True,True,False,False,True,23.0,False
457,481,F,F,identical,0.11,True,True,False,False,True,27.0,False
458,482,G,G,identical,0.535,True,True,False,False,False,28.1,True
459,483,T,T,identical,0.386,True,True,False,False,False,30.8,True
460,484,S,P,different,0.766,True,True,False,False,False,33.1,True
461,485,G,N,different,0.531,True,True,False,False,False,31.1,True
462,486,Q,Q,identical,0.093,True,True,False,False,False,27.3,False
463,487,K,K,identical,0.624,True,True,False,False,False,25.9,True
464,488,T,T,identical,0.301,True,True,False,False,False,21.6,True
465,489,K,K,identical,0.471,True,True,True,False,False,20.2,True
466,490,I,I,identical,0.291,True,True,True,False,True,17.1,True
467,491,I,M,similar,0.38,True,True,True,False,True,17.1,True
468,492,S,N,similar,0.592,True,True,True,False,False,14.1,True
469,493,N,N,identical,0.192,True,True,True,False,False,11.7,False
470,494,R,R,identical,0.245,True,True,False,False,False,11.0,True
471,495,G,A,different,0.32,True,True,True,False,False,15.3,True
472,496,E,E,identical,0.457,True,True,True,True,False,18.6,True
473,497,N,K,different,0.597,True,True,True,False,False,20.2,True
474,498,S,D,different,0.257,True,True,False,False,False,15.6,True
475,499,C,C,identical,0.007,True,True,False,False,False,15.6,False
476,500,K,K,identical,0.618,True,True,False,False,False,20.5,True
477,501,A,A,identical,0.656,True,True,False,False,False,19.6,True
478,502,T,V,different,0.433,True,True,False,False,False,15.8,True
479,503,G,N,different,0.5,True,True,False,False,False,18.6,True
480,504,Q,H,different,0.219,True,True,False,False,False,14.3,True
481,505,V,V,identical,0.351,True,True,False,False,True,17.7,True
482,506,C,C,identical,0.23,True,True,False,False,False,13.9,True
483,507,H,N,similar,0.3,True,True,False,False,False,11.4,True
484,508,A,P,different,0.579,True,True,False,False,False,9.9,True
485,509,L,L,identical,0.126,True,True,False,False,True,6.5,False
486,510,C,C,identical,0.078,True,True,False,False,False,9.9,False
487,511,S,S,identical,0.112,True,True,False,False,False,9.0,False
488,512,P,S,different,0.856,True,True,False,False,False,12.8,True
489,513,E,E,identical,0.286,True,True,False,True,False,13.3,True
490,514,G,G,identical,0.012,True,True,False,False,False,14.7,False
491,515,C,C,identical,0.0,True,True,False,False,False,14.4,False
492,516,W,W,identical,0.04,True,True,False,False,True,16.7,False
493,517,G,G,identical,0.0,True,True,False,False,False,15.2,False
494,518,P,P,identical,0.375,True,True,False,False,False,16.4,True
495,519,E,E,identical,0.393,True,True,False,True,False,15.4,True
496,520,P,P,identical,0.091,True,True,False,False,False,10.2,False
497,521,R,R,identical,0.41,True,True,False,False,False,13.8,True
498,522,D,D,identical,0.017,True,True,False,True,False,15.4,False
499,523,C,C,identical,0.071,True,True,False,False,False,10.3,False
500,524,V,V,identical,0.245,True,True,False,False,True,13.8,True
501,525,S,S,identical,0.222,True,True,False,False,False,10.3,True
502,526,C,C,identical,0.218,True,True,False,False,False,5.4,True
503,527,R,Q,similar,0.446,True,True,False,False,False,5.0,True
509,533,R,R,identical,0.799,True,True,False,False,False,14.5,True
510,534,E,E,identical,0.368,True,True,False,True,False,11.2,True
511,535,C,C,identical,0.023,True,True,False,False,False,6.9,False
