design,mutation,rotamer,contact_min_A,partenaire,clash,path
egfr-dIII-prod01_denovo_l55_f6d5f550a210fd48_seq0,S38D,1,2.78,OD1--A409:CA,non,structures/threaded/egfr-dIII-prod01_denovo_l55_f6d5f550a210fd48_seq0__S38D__rot1.pdb
egfr-dIII-prod01_denovo_l55_f6d5f550a210fd48_seq0,S38D,2,2.14,OD1--A409:CA,oui,structures/threaded/egfr-dIII-prod01_denovo_l55_f6d5f550a210fd48_seq0__S38D__rot2.pdb
egfr-dIII-prod01_denovo_l55_f6d5f550a210fd48_seq0,S38D,3,2.11,OD1--B35:O,oui,structures/threaded/egfr-dIII-prod01_denovo_l55_f6d5f550a210fd48_seq0__S38D__rot3.pdb
egfr-dIII-prod01_denovo_l64_1e7ab6d8f00c9958_seq0,S28D,1,2.16,OD1--A409:ND1,oui,structures/threaded/egfr-dIII-prod01_denovo_l64_1e7ab6d8f00c9958_seq0__S28D__rot1.pdb
egfr-dIII-prod01_denovo_l64_1e7ab6d8f00c9958_seq0,S28D,2,2.1,OD2--B25:CA,oui,structures/threaded/egfr-dIII-prod01_denovo_l64_1e7ab6d8f00c9958_seq0__S28D__rot2.pdb
egfr-dIII-prod01_denovo_l64_1e7ab6d8f00c9958_seq0,S28D,3,2.08,OD1--A409:CE1,oui,structures/threaded/egfr-dIII-prod01_denovo_l64_1e7ab6d8f00c9958_seq0__S28D__rot3.pdb
egfr-dIII-prod02_denovo_l61_a6334a3a912c86f1_seq0,S15D,1,2.6,OD2--B31:CG2,non,structures/threaded/egfr-dIII-prod02_denovo_l61_a6334a3a912c86f1_seq0__S15D__rot1.pdb
egfr-dIII-prod02_denovo_l61_a6334a3a912c86f1_seq0,S15D,2,2.21,OD2--B28:O,non,structures/threaded/egfr-dIII-prod02_denovo_l61_a6334a3a912c86f1_seq0__S15D__rot2.pdb
egfr-dIII-prod02_denovo_l61_a6334a3a912c86f1_seq0,S15D,3,1.96,OD1--B11:O,oui,structures/threaded/egfr-dIII-prod02_denovo_l61_a6334a3a912c86f1_seq0__S15D__rot3.pdb
egfr-dIII-prod02_denovo_l61_a6334a3a912c86f1_seq1,S15D,1,2.7,OD2--B31:CG2,non,structures/threaded/egfr-dIII-prod02_denovo_l61_a6334a3a912c86f1_seq1__S15D__rot1.pdb
egfr-dIII-prod02_denovo_l61_a6334a3a912c86f1_seq1,S15D,2,2.16,OD2--B28:O,oui,structures/threaded/egfr-dIII-prod02_denovo_l61_a6334a3a912c86f1_seq1__S15D__rot2.pdb
egfr-dIII-prod02_denovo_l61_a6334a3a912c86f1_seq1,S15D,3,2.03,OD1--B11:O,oui,structures/threaded/egfr-dIII-prod02_denovo_l61_a6334a3a912c86f1_seq1__S15D__rot3.pdb
egfr-dIII-prod02_denovo_l61_cd272a8fd929c7ee_seq0,N21E,1,3.36,CB--B22:N,non,structures/threaded/egfr-dIII-prod02_denovo_l61_cd272a8fd929c7ee_seq0__N21E__rot1.pdb
egfr-dIII-prod02_denovo_l61_cd272a8fd929c7ee_seq0,N21E,2,3.36,CB--B22:N,non,structures/threaded/egfr-dIII-prod02_denovo_l61_cd272a8fd929c7ee_seq0__N21E__rot2.pdb
egfr-dIII-prod02_denovo_l61_cd272a8fd929c7ee_seq0,N21E,3,3.17,CG--B17:O,non,structures/threaded/egfr-dIII-prod02_denovo_l61_cd272a8fd929c7ee_seq0__N21E__rot3.pdb
egfr-dIII-prod02_denovo_l61_cd272a8fd929c7ee_seq1,N21E,1,3.31,CB--B22:N,non,structures/threaded/egfr-dIII-prod02_denovo_l61_cd272a8fd929c7ee_seq1__N21E__rot1.pdb
egfr-dIII-prod02_denovo_l61_cd272a8fd929c7ee_seq1,N21E,2,3.31,CB--B22:N,non,structures/threaded/egfr-dIII-prod02_denovo_l61_cd272a8fd929c7ee_seq1__N21E__rot2.pdb
egfr-dIII-prod02_denovo_l61_cd272a8fd929c7ee_seq1,N21E,3,3.31,CB--B22:N,non,structures/threaded/egfr-dIII-prod02_denovo_l61_cd272a8fd929c7ee_seq1__N21E__rot3.pdb
egfr-dIII-prod02_denovo_l62_a6d2f6834f22e574_seq0,S44D,1,2.08,OD1--A409:NE2,oui,structures/threaded/egfr-dIII-prod02_denovo_l62_a6d2f6834f22e574_seq0__S44D__rot1.pdb
egfr-dIII-prod02_denovo_l62_a6d2f6834f22e574_seq0,S44D,2,1.96,OD1--A409:NE2,oui,structures/threaded/egfr-dIII-prod02_denovo_l62_a6d2f6834f22e574_seq0__S44D__rot2.pdb
egfr-dIII-prod02_denovo_l62_a6d2f6834f22e574_seq0,S44D,3,1.83,OD2--B52:CE2,oui,structures/threaded/egfr-dIII-prod02_denovo_l62_a6d2f6834f22e574_seq0__S44D__rot3.pdb
egfr-dIII-prod02_denovo_l62_a6d2f6834f22e574_seq1,S44D,1,2.67,OD1--A408:NE2,non,structures/threaded/egfr-dIII-prod02_denovo_l62_a6d2f6834f22e574_seq1__S44D__rot1.pdb
egfr-dIII-prod02_denovo_l62_a6d2f6834f22e574_seq1,S44D,2,2.48,OD1--A409:NE2,non,structures/threaded/egfr-dIII-prod02_denovo_l62_a6d2f6834f22e574_seq1__S44D__rot2.pdb
egfr-dIII-prod02_denovo_l62_a6d2f6834f22e574_seq1,S44D,3,1.99,OD1--B40:O,oui,structures/threaded/egfr-dIII-prod02_denovo_l62_a6d2f6834f22e574_seq1__S44D__rot3.pdb
egfr-dIII-prod02_denovo_l64_4a818d7951649b77_seq0,P39D,1,2.65,OD2--B43:N,non,structures/threaded/egfr-dIII-prod02_denovo_l64_4a818d7951649b77_seq0__P39D__rot1.pdb
egfr-dIII-prod02_denovo_l64_4a818d7951649b77_seq0,P39D,2,2.56,OD2--B43:CB,non,structures/threaded/egfr-dIII-prod02_denovo_l64_4a818d7951649b77_seq0__P39D__rot2.pdb
egfr-dIII-prod02_denovo_l64_4a818d7951649b77_seq0,P39D,3,2.55,OD1--B41:N,non,structures/threaded/egfr-dIII-prod02_denovo_l64_4a818d7951649b77_seq0__P39D__rot3.pdb
egfr-dIII-prod02_denovo_l64_4a818d7951649b77_seq1,F38D,1,3.13,CB--B45:CD1,non,structures/threaded/egfr-dIII-prod02_denovo_l64_4a818d7951649b77_seq1__F38D__rot1.pdb
egfr-dIII-prod02_denovo_l64_4a818d7951649b77_seq1,F38D,2,3.13,CB--B45:CD1,non,structures/threaded/egfr-dIII-prod02_denovo_l64_4a818d7951649b77_seq1__F38D__rot2.pdb
egfr-dIII-prod02_denovo_l64_4a818d7951649b77_seq1,F38D,3,2.18,OD2--B45:CD1,oui,structures/threaded/egfr-dIII-prod02_denovo_l64_4a818d7951649b77_seq1__F38D__rot3.pdb
egfr-dIII-prod02_denovo_l73_5b295c4d9e1ff73f_seq0,H23E,1,3.16,CB--B24:N,non,structures/threaded/egfr-dIII-prod02_denovo_l73_5b295c4d9e1ff73f_seq0__H23E__rot1.pdb
egfr-dIII-prod02_denovo_l73_5b295c4d9e1ff73f_seq0,H23E,2,3.16,CB--B24:N,non,structures/threaded/egfr-dIII-prod02_denovo_l73_5b295c4d9e1ff73f_seq0__H23E__rot2.pdb
egfr-dIII-prod02_denovo_l73_5b295c4d9e1ff73f_seq0,H23E,3,3.16,CB--B24:N,non,structures/threaded/egfr-dIII-prod02_denovo_l73_5b295c4d9e1ff73f_seq0__H23E__rot3.pdb
egfr-dIII-prod02_denovo_l73_5b295c4d9e1ff73f_seq1,H23E,1,3.14,CB--B24:N,non,structures/threaded/egfr-dIII-prod02_denovo_l73_5b295c4d9e1ff73f_seq1__H23E__rot1.pdb
egfr-dIII-prod02_denovo_l73_5b295c4d9e1ff73f_seq1,H23E,2,3.14,CB--B24:N,non,structures/threaded/egfr-dIII-prod02_denovo_l73_5b295c4d9e1ff73f_seq1__H23E__rot2.pdb
egfr-dIII-prod02_denovo_l73_5b295c4d9e1ff73f_seq1,H23E,3,3.14,CB--B24:N,non,structures/threaded/egfr-dIII-prod02_denovo_l73_5b295c4d9e1ff73f_seq1__H23E__rot3.pdb
